,Date,Open,High,Low,Close
2156,2020-12-11,274.53,276.48,270.25,273.55
2155,2020-12-10,275.535,278.73,271.86,277.12
2154,2020-12-09,283.66,287.63,271.75,277.92
2153,2020-12-08,286.01,286.4272,281.55,283.4
2152,2020-12-07,279.19,288.49,278.2,285.58
2151,2020-12-04,280.3,283.46,279.3,279.7
2150,2020-12-03,286.25,286.65,281.07,281.85
2149,2020-12-02,285.36,291.78,280.825,287.52
2148,2020-12-01,279.16,289.3,278.96,286.55
2147,2020-11-30,276.03,277.7,271.01,276.97
2146,2020-11-27,277.39,279.13,274.82,277.81
2145,2020-11-25,278.14,280.18,272.65,275.59
2144,2020-11-24,268.49,277.8199,267.87,276.92
2143,2020-11-23,270.89,270.9471,264.53,268.43
2142,2020-11-20,272.56,273.0,269.41,269.7
2141,2020-11-19,271.025,273.47,269.19,272.94
2140,2020-11-18,274.52,277.3889,271.84,271.97
2139,2020-11-17,277.68,277.68,273.29,275.0
2138,2020-11-16,275.05,279.41,274.63,278.96
2137,2020-11-13,277.72,277.76,273.1,276.95
2136,2020-11-12,277.18,279.75,274.43,275.08
2135,2020-11-11,273.47,278.4,272.48,276.48
2134,2020-11-10,273.1,274.0,264.0,272.43
2133,2020-11-09,289.87,292.58,278.53,278.77
2132,2020-11-06,293.95,294.6,288.06,293.41
2131,2020-11-05,291.8965,297.38,288.95,294.68
2130,2020-11-04,281.0,288.94,278.62,287.38
2129,2020-11-03,263.16,270.05,260.88,265.3
2128,2020-11-02,264.6,270.47,257.34,261.36
2127,2020-10-30,274.5,276.7,259.1,263.11
2126,2020-10-29,276.55,283.6,273.78,280.83
2125,2020-10-28,278.79,278.79,267.26,267.67
2124,2020-10-27,278.76,284.51,276.31,283.29
2123,2020-10-26,283.16,285.23,274.26,277.11
2122,2020-10-23,278.8024,285.24,276.82,284.79
2121,2020-10-22,279.87,282.45,275.04,278.12
2120,2020-10-21,279.56,283.05,276.37,278.73
2119,2020-10-20,263.06,269.7,262.88,267.56
2118,2020-10-19,265.53,268.55,259.88,261.4
2117,2020-10-16,267.375,271.37,265.3,265.93
2116,2020-10-15,267.6,269.04,263.67,266.72
2115,2020-10-14,277.62,278.75,271.5,271.82
2114,2020-10-13,277.58,279.1,273.39,276.14
2113,2020-10-12,270.2,280.18,267.87,275.75
2112,2020-10-09,264.52,264.75,262.17,264.45
2111,2020-10-08,259.75,264.62,259.1488,263.76
2110,2020-10-07,259.21,260.18,254.82,258.12
2109,2020-10-06,261.78,265.69,258.24,258.66
2108,2020-10-05,262.2,264.865,260.8401,264.65
2107,2020-10-02,261.21,265.15,259.18,259.94
2106,2020-10-01,265.35,268.33,264.8,266.63
2105,2020-09-30,261.98,266.085,260.1,261.9
2104,2020-09-29,257.81,263.33,256.9,261.79
2103,2020-09-28,259.4,259.6,254.8208,256.82
2102,2020-09-25,249.4,255.75,246.61,254.82
2101,2020-09-24,246.5,252.24,245.62,249.53
2100,2020-09-23,255.26,257.9921,248.15,249.02
2099,2020-09-22,253.31,255.32,248.22,254.75
2098,2020-09-21,247.54,249.95,244.13,248.15
2097,2020-09-18,258.405,259.2,250.05,252.53
2096,2020-09-17,258.28,261.5,250.19,254.82
2095,2020-09-16,267.29,272.44,261.79,263.52
2094,2020-09-15,270.67,274.52,269.3,272.42
2093,2020-09-14,270.95,276.64,265.7,266.15
2092,2020-09-11,270.06,271.39,262.64,266.61
2091,2020-09-10,275.51,279.16,267.0319,268.09
2090,2020-09-09,275.77,278.48,271.35,273.72
2089,2020-09-08,271.28,279.3,269.42,271.16
2088,2020-09-04,287.25,289.0,271.14,282.73
2087,2020-09-03,295.99,297.6,283.63,291.12
2086,2020-09-02,298.88,303.6,293.05,302.5
2085,2020-09-01,294.71,301.49,292.71,295.44
2084,2020-08-31,293.95,296.88,291.55,293.2
2083,2020-08-28,295.0,297.23,290.98,293.66
2082,2020-08-27,300.16,301.23,292.02,293.22
2081,2020-08-26,284.0,304.67,284.0,303.91
2080,2020-08-25,272.41,283.09,270.2601,280.82
2079,2020-08-24,271.07,277.2478,268.7701,271.39
2078,2020-08-21,268.69,270.49,266.42,267.01
2077,2020-08-20,261.5,269.63,261.46,269.01
2076,2020-08-19,261.388,267.908,261.35,262.59
2075,2020-08-18,260.95,265.15,259.26,262.34
2074,2020-08-17,262.5,264.0973,259.4,261.16
2073,2020-08-14,262.305,262.65,258.6801,261.24
2072,2020-08-13,261.55,265.16,259.57,261.3
2071,2020-08-12,258.97,263.8973,258.1125,259.89
2070,2020-08-11,260.185,265.915,255.13,256.13
2069,2020-08-10,268.04,273.86,259.69,263.0
2068,2020-08-07,264.08,278.89,263.43,268.44
2067,2020-08-06,249.04,266.6,248.665,265.28
2066,2020-08-05,250.19,252.2698,247.77,249.12
2065,2020-08-04,251.56,252.8,247.43,249.83
2064,2020-08-03,252.65,255.4,250.33,251.96
2063,2020-07-31,255.82,255.85,249.0,253.67
2062,2020-07-30,230.22,234.893,229.0,234.5
2061,2020-07-29,231.14,233.7,230.31,233.29
2060,2020-07-28,234.63,234.96,229.83,230.12
2059,2020-07-27,231.46,234.95,230.83,233.5
2058,2020-07-24,230.19,233.49,226.9,230.71
2057,2020-07-23,239.63,242.42,231.75,232.6
2056,2020-07-22,240.26,241.9,238.12,239.87
2055,2020-07-21,246.22,246.91,240.08,241.75
2054,2020-07-20,240.06,246.05,235.64,245.42
2053,2020-07-17,241.0,244.16,237.86,242.03
2052,2020-07-16,238.0,241.76,236.33,240.93
2051,2020-07-15,241.55,244.82,238.05,240.28
2050,2020-07-14,236.76,240.33,232.03,239.73
2049,2020-07-13,247.01,250.15,238.42,239.0
2048,2020-07-10,243.69,245.49,239.32,245.07
2047,2020-07-09,245.0,246.53,239.24,244.5
2046,2020-07-08,238.11,246.99,236.59,243.58
2045,2020-07-07,239.41,247.65,238.82,240.86
2044,2020-07-06,233.76,240.4,232.27,240.28
2043,2020-07-02,239.0,240.0,232.61,233.42
2042,2020-07-01,228.5,239.0,227.56,237.55
2041,2020-06-30,220.59,227.5,218.47,227.07
2040,2020-06-29,209.75,220.75,207.11,220.64
2039,2020-06-26,232.64,233.09,215.4,216.08
2038,2020-06-25,234.62,237.3,232.74,235.68
2037,2020-06-24,241.2,243.22,232.68,234.02
2036,2020-06-23,241.28,245.1853,239.86,242.24
2035,2020-06-22,238.56,240.7,236.91,239.22
2034,2020-06-19,237.79,240.83,235.55,238.79
2033,2020-06-18,234.99,236.14,232.15,235.94
2032,2020-06-17,235.0,237.59,231.7268,235.53
2031,2020-06-16,237.14,238.46,233.0,235.65
2030,2020-06-15,225.09,233.77,224.8,232.5
2029,2020-06-12,229.9,231.66,224.5,228.58
2028,2020-06-11,229.94,232.89,223.55,224.43
2027,2020-06-10,240.96,241.21,235.28,236.73
2026,2020-06-09,231.52,239.77,230.41,238.67
2025,2020-06-08,229.03,231.55,227.41,231.4
2024,2020-06-05,226.71,231.35,225.3105,230.77
2023,2020-06-04,229.56,231.63,224.61,226.29
2022,2020-06-03,232.11,232.65,228.53,230.16
2021,2020-06-02,230.94,233.0,226.56,232.72
2020,2020-06-01,224.59,232.44,223.5,231.91
2019,2020-05-29,225.2,227.49,222.88,225.09
2018,2020-05-28,224.3,231.6332,224.0,225.46
2017,2020-05-27,229.07,230.56,221.1347,229.14
2016,2020-05-26,239.77,240.9,231.67,232.2
2015,2020-05-22,231.51,235.99,228.74,234.91
2014,2020-05-21,234.72,237.2,231.2,231.39
2013,2020-05-20,223.5,231.34,223.19,229.97
2012,2020-05-19,213.27,220.49,212.83,216.88
2011,2020-05-18,212.15,214.6445,210.94,213.19
2010,2020-05-15,205.27,211.34,204.12,210.88
2009,2020-05-14,202.56,206.93,200.69,206.81
2008,2020-05-13,209.43,210.78,202.11,205.1
2007,2020-05-12,213.29,215.275,210.0,210.1
2006,2020-05-11,210.8865,215.0,210.37,213.18
2005,2020-05-08,212.24,213.21,210.85,212.35
2004,2020-05-07,211.16,211.6,209.04,211.26
2003,2020-05-06,208.12,211.6,206.66,208.47
2002,2020-05-05,207.02,210.38,206.5,207.07
2001,2020-05-04,200.2,205.91,198.7562,205.26
2000,2020-05-01,201.6,207.28,199.0501,202.27
1999,2020-04-30,206.92,209.69,201.5701,204.71
1998,2020-04-29,190.93,196.91,190.0,194.19
1997,2020-04-28,188.66,189.2,182.56,182.91
1996,2020-04-27,192.99,193.75,187.41,187.5
1995,2020-04-24,183.23,190.41,180.825,190.07
1994,2020-04-23,184.08,187.05,183.15,185.13
1993,2020-04-22,178.45,184.78,178.14,182.28
1992,2020-04-21,175.25,175.38,168.3408,170.8
1991,2020-04-20,177.41,180.5,176.77,178.24
1990,2020-04-17,179.2,180.28,176.66,179.24
1989,2020-04-16,177.95,178.05,172.51,176.25
1988,2020-04-15,175.1865,178.19,172.82,176.97
1987,2020-04-14,178.9765,181.225,176.62,178.17
1986,2020-04-13,173.67,175.0,169.45,174.79
1985,2020-04-09,175.9,177.08,171.57,175.19
1984,2020-04-08,171.25,175.0,167.74,174.28
1983,2020-04-07,171.79,173.39,166.01,168.83
1982,2020-04-06,160.15,166.2,158.51,165.55
1981,2020-04-03,157.15,157.91,150.83,154.18
1980,2020-04-02,159.1,161.3509,155.92,158.19
1979,2020-04-01,161.615,164.15,158.035,159.6
1978,2020-03-31,165.48,170.93,164.2,166.8
1977,2020-03-30,159.18,166.75,158.06,165.95
1976,2020-03-27,158.2,160.09,154.75,156.79
1975,2020-03-26,158.25,164.0,157.0201,163.34
1974,2020-03-25,158.92,162.99,153.06,156.21
1973,2020-03-24,155.205,161.31,152.57,160.98
1972,2020-03-23,149.66,152.31,142.25,148.1
1971,2020-03-20,156.02,159.27,148.0,149.73
1970,2020-03-19,146.62,159.9294,144.8,153.13
1969,2020-03-18,139.75,148.18,137.1006,146.96
1968,2020-03-17,150.74,153.94,140.0,149.42
1967,2020-03-16,152.32,159.13,143.1,146.01
1966,2020-03-13,163.53,170.79,157.6,170.28
1965,2020-03-12,159.54,166.6,154.34,154.47
1964,2020-03-11,174.01,175.88,167.66,170.24
1963,2020-03-10,174.67,178.29,169.5,178.19
1962,2020-03-09,169.6,175.0,165.19,169.5
1961,2020-03-06,178.33,183.78,176.26,181.09
1960,2020-03-05,186.78,188.99,183.8901,185.17
1959,2020-03-04,189.17,191.83,186.39,191.76
1958,2020-03-03,196.22,197.24,183.97,185.89
1957,2020-03-02,194.03,196.57,188.85,196.44
1956,2020-02-28,182.695,192.74,181.82,192.47
1955,2020-02-27,191.82,195.88,189.5,189.75
1954,2020-02-26,197.19,201.21,195.49,197.2
1953,2020-02-25,202.27,203.5,195.9537,196.77
1952,2020-02-24,201.8,203.65,198.17,200.72
1951,2020-02-21,213.48,214.237,208.8305,210.18
1950,2020-02-20,216.52,218.765,212.945,214.58
1949,2020-02-19,217.99,218.32,216.11,217.49
1948,2020-02-18,213.55,217.975,213.4,217.8
1947,2020-02-14,214.0,214.93,212.65,214.18
1946,2020-02-13,209.5235,214.3259,209.18,213.14
1945,2020-02-12,207.85,211.22,207.4,210.76
1944,2020-02-11,210.19,210.86,206.5102,207.19
1943,2020-02-10,211.52,213.8,210.66,213.06
1942,2020-02-07,210.3,212.82,209.93,212.33
1941,2020-02-06,210.47,211.19,209.338,210.85
1940,2020-02-05,212.51,212.73,208.71,210.11
1939,2020-02-04,206.6165,210.6,205.2025,209.83
1938,2020-02-03,203.44,205.14,202.5,204.19
1937,2020-01-31,208.43,208.69,201.06,201.91
1936,2020-01-30,206.53,211.43,204.75,209.53
1935,2020-01-29,221.44,224.2,218.45,223.23
1934,2020-01-28,216.14,218.74,213.52,217.79
1933,2020-01-27,213.1,216.06,212.5,214.87
1932,2020-01-24,220.8,221.78,216.11,217.94
1931,2020-01-23,220.75,221.485,219.27,219.76
1930,2020-01-22,222.31,222.75,221.28,221.32
1929,2020-01-21,222.155,222.37,219.12,221.44
1928,2020-01-17,222.03,222.29,220.53,222.14
1927,2020-01-16,222.57,222.63,220.39,221.77
1926,2020-01-15,220.61,221.68,220.14,221.15
1925,2020-01-14,221.61,222.38,218.63,219.06
1924,2020-01-13,219.5965,221.97,219.21,221.91
1923,2020-01-10,219.2,219.88,217.42,218.06
1922,2020-01-09,217.54,218.38,216.278,218.3
1921,2020-01-08,213.0,216.24,212.6121,215.22
1920,2020-01-07,212.82,214.58,211.75,213.06
1919,2020-01-06,206.92,212.78,206.52,212.6
1918,2020-01-03,207.2135,210.4,206.95,208.67
1917,2020-01-02,206.75,209.79,206.27,209.78
1916,2019-12-31,203.995,205.56,203.6001,205.25
1915,2019-12-30,207.86,207.9,203.9001,204.41
1914,2019-12-27,208.6697,208.93,206.5875,208.1
1913,2019-12-26,205.5665,207.82,205.31,207.79
1912,2019-12-24,206.3,206.79,205.0,205.12
1911,2019-12-23,206.7,208.59,205.68,206.18
1910,2019-12-20,207.48,207.71,203.43,206.3
1909,2019-12-19,202.78,206.3,202.51,206.06
1908,2019-12-18,200.09,204.3,200.09,202.5
1907,2019-12-17,198.84,199.0,196.13,198.39
1906,2019-12-16,195.27,199.12,194.81,197.92
1905,2019-12-13,196.4,196.8,193.17,194.11
1904,2019-12-12,202.35,203.66,194.1,196.75
1903,2019-12-11,200.28,202.63,200.28,202.26
1902,2019-12-10,201.66,202.05,200.15,200.87
1901,2019-12-09,200.65,203.1418,200.21,201.34
1900,2019-12-06,200.5,201.57,200.06,201.05
1899,2019-12-05,199.86,201.29,198.2126,199.36
1898,2019-12-04,200.0,200.0288,198.05,198.71
1897,2019-12-03,197.6,198.93,195.08,198.82
1896,2019-12-02,202.13,202.18,198.05,199.7
1895,2019-11-29,201.6,203.8,201.21,201.64
1894,2019-11-27,199.9,203.14,199.42,202.0
1893,2019-11-26,200.0,200.15,198.0387,198.97
1892,2019-11-25,199.515,200.97,199.25,199.79
1891,2019-11-22,198.38,199.3,197.62,198.82
1890,2019-11-21,197.42,199.09,196.86,197.93
1889,2019-11-20,198.58,199.59,195.43,197.51
1888,2019-11-19,197.4,200.0,196.86,199.32
1887,2019-11-18,194.56,198.63,193.05,197.4
1886,2019-11-15,194.26,195.3,193.38,195.1
1885,2019-11-14,192.93,194.03,191.45,193.15
1884,2019-11-13,194.7,195.7,192.74,193.19
1883,2019-11-12,190.0,195.06,189.74,194.47
1882,2019-11-11,189.93,190.08,188.54,189.61
1881,2019-11-08,190.0,192.34,189.7,190.84
1880,2019-11-07,191.91,193.44,189.47,190.42
1879,2019-11-06,194.03,194.37,191.35,191.55
1878,2019-11-05,195.37,195.75,193.6,194.32
1877,2019-11-04,194.55,197.3672,193.8119,194.72
1876,2019-11-01,192.85,194.11,189.91,193.62
1875,2019-10-31,196.7,198.09,188.25,191.65
1874,2019-10-30,189.56,190.45,185.98,188.25
1873,2019-10-29,191.69,192.53,188.47,189.31
1872,2019-10-28,187.2,189.53,185.08,189.4
1871,2019-10-25,185.83,189.0,185.0876,187.89
1870,2019-10-24,184.62,186.73,182.8,186.38
1869,2019-10-23,182.01,186.38,182.0,186.15
1868,2019-10-22,190.0,190.65,181.5,182.34
1867,2019-10-21,187.04,189.91,186.75,189.76
1866,2019-10-18,190.23,191.49,183.9239,185.85
1865,2019-10-17,190.3,190.84,188.765,190.39
1864,2019-10-16,188.32,189.7,186.9002,189.55
1863,2019-10-15,183.8,190.38,183.66,188.89
1862,2019-10-14,184.2,184.62,182.5735,183.28
1861,2019-10-11,182.15,186.49,182.14,184.19
1860,2019-10-10,180.32,181.61,179.17,180.03
1859,2019-10-09,179.16,180.72,177.94,179.85
1858,2019-10-08,178.26,180.37,177.72,177.75
1857,2019-10-07,180.0,181.18,178.09,179.68
1856,2019-10-04,179.55,180.98,178.1,180.45
1855,2019-10-03,175.57,179.84,173.63,179.38
1854,2019-10-02,174.84,176.53,173.09,174.6
1853,2019-10-01,179.15,179.84,174.88,175.81
1852,2019-09-30,177.87,178.67,176.85,178.08
1851,2019-09-27,178.16,180.755,175.66,177.1
1850,2019-09-26,181.33,181.4,177.67,180.11
1849,2019-09-25,181.45,183.42,177.87,182.8
1848,2019-09-24,187.98,188.04,180.39,181.28
1847,2019-09-23,189.34,190.1,185.2062,186.82
1846,2019-09-20,190.66,193.1,188.12,189.93
1845,2019-09-19,188.66,191.1,188.15,190.14
1844,2019-09-18,188.09,189.08,186.012,188.14
1843,2019-09-17,186.66,188.32,185.54,188.08
1842,2019-09-16,186.93,187.7943,185.765,186.22
1841,2019-09-13,187.325,187.97,186.54,187.19
1840,2019-09-12,189.86,190.93,187.23,187.47
1839,2019-09-11,186.46,189.44,186.08,188.49
1838,2019-09-10,187.44,188.1,184.55,186.17
1837,2019-09-09,187.73,188.98,185.8466,188.76
1836,2019-09-06,190.21,190.21,186.35,187.49
1835,2019-09-05,188.53,191.36,187.94,190.9
1834,2019-09-04,184.65,187.7494,183.89,187.14
1833,2019-09-03,184.0,185.67,182.11,182.39
1832,2019-08-30,186.78,186.8017,183.4585,185.67
1831,2019-08-29,183.77,186.0752,183.47,185.57
1830,2019-08-28,180.53,181.95,178.92,181.76
1829,2019-08-27,181.93,184.04,181.01,181.3
1828,2019-08-26,179.4,180.5,178.24,180.36
1827,2019-08-23,180.84,183.13,176.66,177.75
1826,2019-08-22,183.43,184.11,179.91,182.04
1825,2019-08-21,185.0,185.9,183.14,183.55
1824,2019-08-20,185.45,186.0,182.39,183.81
1823,2019-08-19,186.01,187.5,184.85,186.17
1822,2019-08-16,183.75,185.1,182.36,183.7
1821,2019-08-15,180.95,183.2,180.03,182.59
1820,2019-08-14,185.8,185.99,179.31,179.71
1819,2019-08-13,185.52,191.38,185.37,188.45
1818,2019-08-12,186.85,187.59,184.46,185.37
1817,2019-08-09,190.0,190.98,187.12,187.85
1816,2019-08-08,186.62,190.34,184.05,190.16
1815,2019-08-07,183.6,186.37,181.22,185.15
1814,2019-08-06,183.69,185.789,183.09,184.51
1813,2019-08-05,184.69,185.67,179.34,181.73
1812,2019-08-02,191.1,192.62,188.07,189.02
1811,2019-08-01,194.17,198.47,190.88,192.73
1810,2019-07-31,196.95,198.76,192.68,194.23
1809,2019-07-30,195.39,198.71,193.5,197.04
1808,2019-07-29,199.0,199.63,195.3,195.94
1807,2019-07-26,200.19,202.88,196.25,199.75
1806,2019-07-25,206.7,208.66,198.26,200.71
1805,2019-07-24,197.63,204.81,197.22,204.66
1804,2019-07-23,202.84,204.242,200.9625,202.36
1803,2019-07-22,199.91,202.57,198.81,202.32
1802,2019-07-19,202.18,202.33,198.07,198.36
1801,2019-07-18,200.15,202.47,199.38,200.78
1800,2019-07-17,204.18,204.36,201.59,201.8
1799,2019-07-16,203.89,205.4707,203.1,203.84
1798,2019-07-15,204.25,205.33,201.82,203.91
1797,2019-07-12,199.68,205.3,199.16,204.87
1796,2019-07-11,203.26,203.8,200.21,201.23
1795,2019-07-10,200.0,202.96,199.67,202.73
1794,2019-07-09,194.97,199.46,194.89,199.21
1793,2019-07-08,195.19,196.68,193.64,195.76
1792,2019-07-05,196.18,197.07,194.17,196.4
1791,2019-07-03,194.16,197.4,194.16,197.2
1790,2019-07-02,193.0,195.0,192.71,195.0
1789,2019-07-01,195.21,195.28,191.93,193.0
1788,2019-06-28,190.55,193.2,189.94,193.0
1787,2019-06-27,189.88,189.95,188.27,189.5
1786,2019-06-26,189.54,190.76,187.31,187.66
1785,2019-06-25,192.88,193.14,188.13,188.84
1784,2019-06-24,192.42,193.98,191.57,192.6
1783,2019-06-21,188.75,192.0,188.75,191.14
1782,2019-06-20,190.95,191.16,187.64,189.53
1781,2019-06-19,187.0,188.1,184.55,187.48
1780,2019-06-18,194.0,194.53,187.28,188.47
1779,2019-06-17,185.01,189.5,184.4105,189.01
1778,2019-06-14,180.51,181.8398,180.0,181.33
1777,2019-06-13,175.53,178.03,174.606,177.47
1776,2019-06-12,178.38,179.27,172.88,175.04
1775,2019-06-11,178.48,179.98,176.79,178.1
1774,2019-06-10,174.75,177.86,173.8,174.82
1773,2019-06-07,170.17,173.87,168.84,173.35
1772,2019-06-06,168.3,169.7,167.23,168.33
1771,2019-06-05,167.48,168.72,164.63,168.17
1770,2019-06-04,163.71,168.28,160.84,167.5
1769,2019-06-03,175.0,175.05,161.01,164.15
1768,2019-05-31,180.28,180.54,177.16,177.47
1767,2019-05-30,183.08,183.48,180.89,183.01
1766,2019-05-29,183.5,184.56,181.35,182.19
1765,2019-05-28,181.54,184.7119,181.4537,184.31
1764,2019-05-24,182.33,183.63,180.83,181.06
1763,2019-05-23,182.42,183.9,179.67,180.87
1762,2019-05-22,184.73,186.74,183.61,185.32
1761,2019-05-21,184.57,185.7,183.885,184.82
1760,2019-05-20,181.88,184.23,181.37,182.72
1759,2019-05-17,184.84,187.58,184.28,185.3
1758,2019-05-16,185.05,188.575,185.05,186.99
1757,2019-05-15,180.42,187.28,180.02,186.27
1756,2019-05-14,182.52,183.49,178.1,180.73
1755,2019-05-13,183.5,185.43,180.84,181.54
1754,2019-05-10,188.25,190.0,184.59,188.34
1753,2019-05-09,187.2,189.77,186.26,188.65
1752,2019-05-08,189.39,190.72,188.55,189.54
1751,2019-05-07,192.54,192.9,187.85,189.77
1750,2019-05-06,191.24,194.28,190.55,193.88
1749,2019-05-03,194.38,196.16,193.71,195.47
1748,2019-05-02,193.0,194.0,189.75,192.53
1747,2019-05-01,194.78,196.1769,193.01,193.03
1746,2019-04-30,194.19,197.39,192.28,193.4
1745,2019-04-29,190.95,195.41,190.65,194.78
1744,2019-04-26,192.5,192.9,189.09,191.49
1743,2019-04-25,196.98,198.48,192.12,193.26
1742,2019-04-24,184.49,185.14,181.65,182.58
1741,2019-04-23,182.74,184.22,181.48,183.78
1740,2019-04-22,178.25,181.665,178.25,181.44
1739,2019-04-18,178.8,178.88,177.34,178.28
1738,2019-04-17,179.6,180.74,178.36,178.78
1737,2019-04-16,179.0,180.17,178.3,178.87
1736,2019-04-15,178.5,180.5,176.87,179.65
1735,2019-04-12,178.0,179.63,177.95,179.1
1734,2019-04-11,178.24,178.4,177.0,177.51
1733,2019-04-10,178.18,178.79,176.54,177.82
1732,2019-04-09,175.62,179.19,175.55,177.58
1731,2019-04-08,175.21,175.5,174.23,174.93
1730,2019-04-05,176.88,177.0,175.1,175.72
1729,2019-04-04,176.02,178.0,175.5301,176.02
1728,2019-04-03,174.5,177.96,172.95,173.54
1727,2019-04-02,170.14,174.9,169.55,174.2
1726,2019-04-01,167.83,168.9,167.2789,168.7
1725,2019-03-29,166.39,167.19,164.81,166.69
1724,2019-03-28,164.57,166.72,163.33,165.55
1723,2019-03-27,167.85,168.94,164.79,165.87
1722,2019-03-26,167.35,169.45,166.3499,167.68
1721,2019-03-25,163.0,166.54,162.0,166.29
1720,2019-03-22,165.65,167.42,164.09,164.34
1719,2019-03-21,164.89,166.39,163.75,166.08
1718,2019-03-20,161.5,166.12,161.24,165.44
1717,2019-03-19,161.48,163.82,160.82,161.57
1716,2019-03-18,163.57,163.9,159.28,160.47
1715,2019-03-15,167.16,167.58,162.51,165.98
1714,2019-03-14,169.76,171.15,168.16,170.17
1713,2019-03-13,172.32,174.03,172.12,173.37
1712,2019-03-12,172.09,173.8,171.2178,171.92
1711,2019-03-11,171.6,174.3,171.58,172.07
1710,2019-03-08,166.2,169.62,165.97,169.6
1709,2019-03-07,171.5,171.74,167.61,169.13
1708,2019-03-06,172.9,173.57,171.27,172.51
1707,2019-03-05,167.37,171.88,166.55,171.26
1706,2019-03-04,163.9,167.5,163.83,167.37
1705,2019-03-01,162.6,163.132,161.69,162.28
1704,2019-02-28,162.37,163.5,160.86,161.45
1703,2019-02-27,162.9,163.93,160.41,162.81
1702,2019-02-26,164.335,166.24,163.8,164.13
1701,2019-02-25,163.07,166.07,162.9,164.62
1700,2019-02-22,160.58,162.41,160.31,161.89
1699,2019-02-21,161.93,162.24,159.59,160.04
1698,2019-02-20,162.25,163.72,161.25,162.56
1697,2019-02-19,160.5,164.15,160.33,162.29
1696,2019-02-15,164.51,164.7,160.86,162.5
1695,2019-02-14,163.19,164.8697,162.2468,163.95
1694,2019-02-13,165.38,166.22,163.73,164.07
1693,2019-02-12,166.86,168.34,164.5,165.04
1692,2019-02-11,167.9,168.3,165.08,165.79
1691,2019-02-08,164.47,167.37,164.21,167.33
1690,2019-02-07,168.2,169.24,165.25,166.38
1689,2019-02-06,171.2,172.47,169.27,170.49
1688,2019-02-05,169.15,171.98,168.69,171.16
1687,2019-02-04,165.7,169.3,163.62,169.25
1686,2019-02-01,165.84,169.1,165.66,165.71
1685,2019-01-31,165.6,171.68,165.0,166.69
1684,2019-01-30,146.22,150.95,145.6953,150.42
1683,2019-01-29,148.09,148.1,143.43,144.19
1682,2019-01-28,148.05,148.96,146.21,147.47
1681,2019-01-25,147.48,149.83,146.54,149.01
1680,2019-01-24,144.64,146.44,142.52,145.83
1679,2019-01-23,148.28,148.8,143.055,144.3
1678,2019-01-22,149.2,151.53,146.37,147.57
1677,2019-01-18,149.75,152.43,148.55,150.04
1676,2019-01-17,146.95,149.0,146.5,148.3
1675,2019-01-16,149.0,149.6499,146.9975,147.54
1674,2019-01-15,146.01,150.68,145.99,148.95
1673,2019-01-14,142.0,146.57,141.27,145.39
1672,2019-01-11,143.15,145.36,142.57,143.8
1671,2019-01-10,143.08,144.56,140.84,144.2
1670,2019-01-09,142.95,144.7,141.27,144.23
1669,2019-01-08,139.89,143.14,139.54,142.53
1668,2019-01-07,137.56,138.87,135.91,138.05
1667,2019-01-04,134.01,138.0,133.75,137.95
1666,2019-01-03,134.69,137.17,131.12,131.74
1665,2019-01-02,128.99,137.51,128.56,135.68
1664,2018-12-31,134.45,134.64,129.95,131.09
1663,2018-12-28,135.34,135.92,132.2,133.2
1662,2018-12-27,132.44,134.99,129.67,134.52
1661,2018-12-26,126.0,134.24,125.89,134.18
1660,2018-12-24,123.1,129.74,123.02,124.06
1659,2018-12-21,133.39,134.9,123.42,124.95
1658,2018-12-20,130.7,135.57,130.0,133.4
1657,2018-12-19,141.21,144.91,132.5,133.24
1656,2018-12-18,141.08,145.93,139.8301,143.66
1655,2018-12-17,143.08,144.92,138.42,140.19
1654,2018-12-14,143.34,146.01,142.51,144.06
1653,2018-12-13,145.57,145.85,143.19,145.01
1652,2018-12-12,143.08,147.19,142.51,144.5
1651,2018-12-11,143.88,143.88,141.1,142.08
1650,2018-12-10,139.6,143.05,139.01,141.85
1649,2018-12-07,139.25,140.87,136.6566,137.42
1648,2018-12-06,133.82,139.7,133.67,139.63
1647,2018-12-04,140.73,143.39,137.16,137.93
1646,2018-12-03,143.0,143.6799,140.76,141.09
1645,2018-11-30,138.26,140.966,137.36,140.61
1644,2018-11-29,135.92,139.99,135.66,138.68
1643,2018-11-28,136.28,136.7899,131.85,136.76
1642,2018-11-27,135.75,136.6126,133.71,135.0
1641,2018-11-26,133.0,137.0,132.78,136.38
1640,2018-11-23,133.65,134.5,131.2551,131.73
1639,2018-11-21,134.4,137.19,134.13,134.82
1638,2018-11-20,127.03,134.1592,126.85,132.43
1637,2018-11-19,137.61,137.75,131.21,131.55
1636,2018-11-16,141.07,141.77,137.77,139.53
1635,2018-11-15,142.33,144.84,140.83,143.85
1634,2018-11-14,143.7,145.58,141.55,144.22
1633,2018-11-13,142.0,144.88,141.62,142.16
1632,2018-11-12,144.48,145.04,140.4899,141.55
1631,2018-11-09,146.75,147.76,144.07,144.96
1630,2018-11-08,150.49,150.94,146.74,147.87
1629,2018-11-07,151.57,153.01,149.83,151.53
1628,2018-11-06,149.31,150.97,148.0,149.94
1627,2018-11-05,150.1,150.19,147.44,148.68
1626,2018-11-02,151.8,154.13,148.96,150.35
1625,2018-11-01,151.52,152.75,149.35,151.75
1624,2018-10-31,155.0,156.4,148.96,151.79
1623,2018-10-30,139.935,146.64,139.7419,146.22
1622,2018-10-29,148.5,148.83,139.03,142.09
1621,2018-10-26,145.82,149.0,143.8,145.37
1620,2018-10-25,147.73,152.21,147.0,150.95
1619,2018-10-24,154.28,154.65,145.6,146.04
1618,2018-10-23,151.22,154.77,150.85,154.39
1617,2018-10-22,154.76,157.34,154.46,154.78
1616,2018-10-19,155.86,157.35,153.55,154.05
1615,2018-10-18,158.51,158.66,153.28,154.92
1614,2018-10-17,159.56,160.49,157.95,159.42
1613,2018-10-16,155.4,159.46,155.01,158.78
1612,2018-10-15,153.32,155.57,152.55,153.52
1611,2018-10-12,156.73,156.89,151.2998,153.74
1610,2018-10-11,150.13,154.81,149.16,153.35
1609,2018-10-10,156.82,157.69,151.31,151.38
1608,2018-10-09,157.69,160.59,157.42,157.9
1607,2018-10-08,155.54,158.34,154.39,157.25
1606,2018-10-05,159.21,160.9,156.2,157.33
1605,2018-10-04,161.46,161.46,157.35,158.85
1604,2018-10-03,160.0,163.66,159.53,162.43
1603,2018-10-02,161.58,162.28,158.67,159.33
1602,2018-10-01,163.03,165.88,161.26,162.44
1601,2018-09-28,168.33,168.79,162.56,164.46
1600,2018-09-27,167.55,171.77,167.21,168.84
1599,2018-09-26,164.3,169.3,164.21,166.95
1598,2018-09-25,161.99,165.59,161.15,164.91
1597,2018-09-24,161.03,165.7,160.88,165.41
1596,2018-09-21,166.64,167.25,162.81,162.93
1595,2018-09-20,164.5,166.45,164.4722,166.02
1594,2018-09-19,160.08,163.44,159.48,163.06
1593,2018-09-18,159.39,161.7639,158.8656,160.3
1592,2018-09-17,161.92,162.06,159.77,160.58
1591,2018-09-14,161.715,162.84,160.34,162.32
1590,2018-09-13,162.0,163.32,160.86,161.36
1589,2018-09-12,163.25,164.49,161.8,162.0
1588,2018-09-11,163.94,167.19,163.72,165.94
1587,2018-09-10,163.51,165.01,162.16,164.18
1586,2018-09-07,160.31,164.6269,160.16,163.04
1585,2018-09-06,166.98,166.98,160.0,162.53
1584,2018-09-05,169.49,171.125,166.67,167.18
1583,2018-09-04,173.5,173.89,168.8,171.16
1582,2018-08-31,177.15,177.62,174.9815,175.73
1581,2018-08-30,175.9,179.7901,175.7,177.64
1580,2018-08-29,176.295,176.79,174.75,175.9
1579,2018-08-28,178.1,178.2399,175.83,176.26
1578,2018-08-27,175.99,178.67,175.79,177.46
1577,2018-08-24,173.7,174.82,172.92,174.645
1576,2018-08-23,173.09,175.55,172.83,172.9
1575,2018-08-22,172.21,174.24,172.13,173.64
1574,2018-08-21,172.81,174.17,171.39,172.62
1573,2018-08-20,174.04,174.57,170.91,172.5
1572,2018-08-17,174.5,176.22,172.04,173.8
1571,2018-08-16,180.42,180.5,174.01,174.7
1570,2018-08-15,179.34,180.87,174.78,179.53
1569,2018-08-14,180.71,181.99,178.62,181.11
1568,2018-08-13,180.1,182.61,178.9,180.05
1567,2018-08-10,182.04,182.1,179.42,180.26
1566,2018-08-09,185.8492,186.57,182.48,183.09
1565,2018-08-08,184.75,186.85,183.76,185.18
1564,2018-08-07,186.5,188.3,183.72,183.81
1563,2018-08-06,178.97,185.79,178.38,185.69
1562,2018-08-03,177.69,178.85,176.15,177.78
1561,2018-08-02,170.68,176.79,170.27,176.37
1560,2018-08-01,173.93,175.08,170.9,171.65
1559,2018-07-31,170.67,174.24,170.0,172.58
1558,2018-07-30,175.3,175.3,166.56,171.06
1557,2018-07-27,179.87,179.93,173.0,174.89
1556,2018-07-26,174.89,180.13,173.75,176.26
1555,2018-07-25,215.715,218.62,214.27,217.5
1554,2018-07-24,215.11,216.2,212.6,214.67
1553,2018-07-23,210.58,211.62,208.8,210.91
1552,2018-07-20,208.85,211.5,208.5,209.94
1551,2018-07-19,208.77,209.99,207.76,208.09
1550,2018-07-18,209.82,210.99,208.44,209.36
1549,2018-07-17,204.9,210.46,204.84,209.99
1548,2018-07-16,207.5,208.72,206.84,207.23
1547,2018-07-13,207.81,208.43,206.45,207.32
1546,2018-07-12,203.43,207.08,203.19,206.92
1545,2018-07-11,202.22,204.5,201.75,202.54
1544,2018-07-10,204.5,204.91,202.26,203.54
1543,2018-07-09,204.93,205.8,202.1201,204.74
1542,2018-07-06,198.45,203.64,197.7,203.23
1541,2018-07-05,194.74,198.65,194.03,198.45
1540,2018-07-03,194.55,195.4,192.52,192.73
1539,2018-07-02,193.37,197.45,192.22,197.36
1538,2018-06-29,197.32,197.5997,193.955,194.32
1537,2018-06-28,195.18,197.34,193.26,196.23
1536,2018-06-27,199.18,200.75,195.8,195.84
1535,2018-06-26,197.6,199.1,196.23,199.0
1534,2018-06-25,200.0,200.0,193.11,196.35
1533,2018-06-22,201.16,202.24,199.31,201.74
1532,2018-06-21,202.76,203.39,200.09,201.5
1531,2018-06-20,199.1,203.55,198.805,202.0
1530,2018-06-19,196.2352,197.96,193.79,197.49
1529,2018-06-18,194.8,199.58,194.13,198.31
1528,2018-06-15,195.79,197.07,194.64,195.85
1527,2018-06-14,193.1,197.28,192.91,196.81
1526,2018-06-13,192.74,194.5,191.91,192.41
1525,2018-06-12,192.17,193.28,191.56,192.4
1524,2018-06-11,188.81,192.6,188.8,191.54
1523,2018-06-08,187.53,189.4754,186.43,189.1
1522,2018-06-07,190.75,190.97,186.77,188.18
1521,2018-06-06,191.0252,192.53,189.11,191.34
1520,2018-06-05,194.3,195.0,192.62,192.94
1519,2018-06-04,191.84,193.98,191.47,193.28
1518,2018-06-01,193.065,194.5492,192.07,193.99
1517,2018-05-31,187.87,192.72,187.48,191.78
1516,2018-05-30,186.54,188.0,185.25,187.67
1515,2018-05-29,184.34,186.81,183.71,185.74
1514,2018-05-25,186.02,186.33,184.45,184.92
1513,2018-05-24,185.88,186.8,185.03,185.93
1512,2018-05-23,182.5,186.91,182.18,186.9
1511,2018-05-22,184.93,185.42,183.43,183.8
1510,2018-05-21,183.77,185.3,183.13,184.49
1509,2018-05-18,183.49,184.19,182.61,182.68
1508,2018-05-17,182.68,184.06,182.22,183.76
1507,2018-05-16,183.6952,184.32,182.66,183.2
1506,2018-05-15,184.88,185.29,183.2,184.32
1505,2018-05-14,187.71,187.86,186.2,186.64
1504,2018-05-11,184.85,188.32,184.18,186.99
1503,2018-05-10,183.15,186.1292,182.5,185.53
1502,2018-05-09,179.67,183.01,178.7807,182.66
1501,2018-05-08,178.25,179.04,177.11,178.92
1500,2018-05-07,177.35,179.5,177.17,177.97
1499,2018-05-04,173.08,176.98,173.06,176.61
1498,2018-05-03,175.13,176.12,172.12,174.02
1497,2018-05-02,174.246,178.08,174.2,176.07
1496,2018-05-01,172.0,174.02,170.23,173.86
1495,2018-04-30,173.79,175.72,171.71,172.0
1494,2018-04-27,176.81,177.1,172.6,173.59
1493,2018-04-26,173.22,176.27,170.8,174.16
1492,2018-04-25,160.1448,161.06,156.19,159.69
1491,2018-04-24,165.43,166.1,158.19,159.69
1490,2018-04-23,167.27,168.45,165.09,165.84
1489,2018-04-20,167.79,168.43,165.81,166.28
1488,2018-04-19,166.2,168.33,165.2,168.1
1487,2018-04-18,166.88,168.12,165.77,166.36
1486,2018-04-17,165.83,169.0,165.66,168.66
1485,2018-04-16,165.7249,165.78,163.39,164.83
1484,2018-04-13,164.58,165.7036,163.77,164.52
1483,2018-04-12,166.98,167.45,163.1,163.87
1482,2018-04-11,165.36,168.65,163.25,166.32
1481,2018-04-10,157.93,165.98,157.01,165.04
1480,2018-04-09,157.82,160.53,156.04,157.93
1479,2018-04-06,157.73,161.42,156.81,157.2
1478,2018-04-05,161.56,161.575,156.65,159.34
1477,2018-04-04,152.025,155.56,150.51,155.1
1476,2018-04-03,156.55,157.39,150.81,156.11
1475,2018-04-02,157.81,159.2,154.111,155.39
1474,2018-03-29,155.15,161.42,154.14,159.79
1473,2018-03-28,151.65,155.88,150.8,153.03
1472,2018-03-27,156.31,162.85,150.75,152.22
1471,2018-03-26,160.82,161.1,149.02,160.06
1470,2018-03-23,165.44,167.1,159.02,159.39
1469,2018-03-22,166.13,170.27,163.72,164.89
1468,2018-03-21,164.8,173.4,163.3,169.39
1467,2018-03-20,167.47,170.2,161.95,168.15
1466,2018-03-19,177.01,177.17,170.06,172.56
1465,2018-03-16,184.49,185.33,183.41,185.09
1464,2018-03-15,183.24,184.0,182.19,183.86
1463,2018-03-14,182.6,184.25,181.85,184.19
1462,2018-03-13,185.61,185.99,181.11,181.88
1461,2018-03-12,185.23,186.1,184.22,184.76
1460,2018-03-09,183.91,185.51,183.21,185.23
1459,2018-03-08,183.56,184.4,181.45,182.34
1458,2018-03-07,178.74,183.82,178.07,183.71
1457,2018-03-06,181.78,182.38,179.11,179.78
1456,2018-03-05,176.2,181.1475,175.89,180.4
1455,2018-03-02,173.29,177.11,172.99,176.62
1454,2018-03-01,179.01,180.12,174.41,175.94
1453,2018-02-28,182.3,182.88,178.14,178.32
1452,2018-02-27,184.45,184.7,181.46,181.46
1451,2018-02-26,184.58,185.66,183.2228,184.93
1450,2018-02-23,179.9,183.39,179.51,183.29
1449,2018-02-22,178.7,180.21,177.41,178.99
1448,2018-02-21,176.71,181.27,176.4,177.91
1447,2018-02-20,175.77,177.95,175.11,176.01
1446,2018-02-16,178.99,179.88,176.3,177.36
1445,2018-02-15,180.5,180.5,176.84,179.96
1444,2018-02-14,173.45,179.81,173.2119,179.52
1443,2018-02-13,175.62,175.97,173.1,173.15
1442,2018-02-12,177.06,177.545,171.84,176.41
1441,2018-02-09,174.76,176.9,167.18,176.11
1440,2018-02-08,181.01,181.84,171.4815,171.58
1439,2018-02-07,184.15,185.0817,179.95,180.18
1438,2018-02-06,178.57,185.77,177.74,185.31
1437,2018-02-05,186.93,190.61,180.61,181.26
1436,2018-02-02,192.04,194.21,189.98,190.28
1435,2018-02-01,188.22,195.32,187.89,193.09
1434,2018-01-31,188.37,189.83,185.22,186.89
1433,2018-01-30,183.01,188.18,181.84,187.12
1432,2018-01-29,188.75,188.84,185.6301,185.98
1431,2018-01-26,187.75,190.0,186.81,190.0
1430,2018-01-25,187.95,188.62,186.6,187.48
1429,2018-01-24,189.89,190.66,186.52,186.55
1428,2018-01-23,186.05,189.55,185.55,189.35
1427,2018-01-22,180.8,185.39,180.41,185.37
1426,2018-01-19,180.85,182.37,180.1702,181.29
1425,2018-01-18,178.13,180.98,177.08,179.8
1424,2018-01-17,179.26,179.32,175.8,177.6
1423,2018-01-16,181.5,181.75,178.04,178.39
1422,2018-01-12,178.06,181.48,177.4,179.37
1421,2018-01-11,188.4,188.4,187.38,187.77
1420,2018-01-10,186.94,187.89,185.63,187.84
1419,2018-01-09,188.7,188.8,187.1,187.87
1418,2018-01-08,187.2,188.9,186.33,188.28
1417,2018-01-05,185.59,186.9,184.93,186.85
1416,2018-01-04,184.9,186.21,184.0996,184.33
1415,2018-01-03,181.88,184.78,181.33,184.67
1414,2018-01-02,177.68,181.58,177.55,181.42
1413,2017-12-29,178.0,178.85,176.46,176.46
1412,2017-12-28,177.95,178.9367,177.68,177.92
1411,2017-12-27,176.55,178.44,176.26,177.62
1410,2017-12-26,176.63,177.0,174.67,175.99
1409,2017-12-22,177.14,177.53,176.23,177.2
1408,2017-12-21,177.94,178.68,177.05,177.45
1407,2017-12-20,179.81,179.81,177.36,177.89
1406,2017-12-19,179.95,180.08,178.22,179.51
1405,2017-12-18,181.01,181.3,179.75,180.82
1404,2017-12-15,179.02,180.4934,178.36,180.18
1403,2017-12-14,178.29,180.3601,177.68,178.39
1402,2017-12-13,177.3,179.16,177.25,178.3
1401,2017-12-12,178.6,179.18,176.6,176.96
1400,2017-12-11,179.3,180.22,178.8,179.04
1399,2017-12-08,181.53,182.28,178.7401,179.0
1398,2017-12-07,175.8,180.39,175.8,180.14
1397,2017-12-06,172.5,176.77,171.9,176.06
1396,2017-12-05,170.45,175.38,169.01,172.83
1395,2017-12-04,176.29,176.57,170.79,171.47
1394,2017-12-01,176.03,177.48,172.34,175.1
1393,2017-11-30,176.85,178.275,175.2,177.18
1392,2017-11-29,181.89,181.97,174.0,175.13
1391,2017-11-28,183.51,184.25,182.09,182.42
1390,2017-11-27,182.56,183.73,181.99,183.03
1389,2017-11-24,180.4,183.15,180.29,182.78
1388,2017-11-22,181.3,181.73,180.44,180.87
1387,2017-11-21,179.15,181.89,178.99,181.86
1386,2017-11-20,178.87,179.5,178.1,178.74
1385,2017-11-17,179.3,179.98,178.9,179.0
1384,2017-11-16,178.76,179.83,178.5,179.59
1383,2017-11-15,176.66,178.57,176.4,177.95
1382,2017-11-14,178.13,178.97,177.18,178.07
1381,2017-11-13,177.5,179.04,177.3,178.77
1380,2017-11-10,178.35,179.1,177.96,178.46
1379,2017-11-09,178.31,179.4,177.09,179.3
1378,2017-11-08,179.79,180.35,179.11,179.56
1377,2017-11-07,180.5,180.75,178.96,180.25
1376,2017-11-06,178.56,180.45,178.31,180.17
1375,2017-11-03,179.29,179.86,176.71,178.92
1374,2017-11-02,180.63,181.94,177.34,178.92
1373,2017-11-01,182.36,182.9,180.57,182.66
1372,2017-10-31,180.57,180.8,178.94,180.06
1371,2017-10-30,179.26,180.69,177.61,179.87
1370,2017-10-27,174.15,178.21,173.9,177.88
1369,2017-10-26,171.38,172.29,170.39,170.63
1368,2017-10-25,171.9,172.25,168.89,170.6
1367,2017-10-24,172.3,173.24,171.5,171.8
1366,2017-10-23,175.2,175.34,171.25,171.27
1365,2017-10-20,175.5,175.88,174.63,174.98
1364,2017-10-19,174.93,176.03,172.63,174.56
1363,2017-10-18,176.65,176.74,175.75,176.03
1362,2017-10-17,174.71,176.13,174.36,176.11
1361,2017-10-16,174.49,175.0,174.06,174.52
1360,2017-10-13,173.45,174.65,173.2,173.74
1359,2017-10-12,172.61,173.85,172.29,172.55
1358,2017-10-11,171.95,172.78,171.4,172.74
1357,2017-10-10,173.0,173.2,170.8,171.59
1356,2017-10-09,172.7,174.88,172.0,172.5
1355,2017-10-06,170.25,172.37,169.75,172.23
1354,2017-10-05,169.18,171.31,168.6,171.24
1353,2017-10-04,169.83,170.67,168.29,168.42
1352,2017-10-03,169.3,170.73,169.2,169.96
1351,2017-10-02,171.39,171.87,168.75,169.47
1350,2017-09-29,168.83,171.66,168.81,170.87
1349,2017-09-28,167.94,169.07,167.16,168.73
1348,2017-09-27,165.9,168.34,165.57,167.68
1347,2017-09-26,164.5,165.5,162.78,164.21
1346,2017-09-25,169.24,169.3,161.56,162.87
1345,2017-09-22,170.21,171.73,169.22,170.54
1344,2017-09-21,171.69,172.27,170.01,171.11
1343,2017-09-20,172.5,173.05,170.7,172.17
1342,2017-09-19,170.62,172.56,170.36,172.52
1341,2017-09-18,171.99,172.07,169.34,170.01
1340,2017-09-15,170.88,172.34,170.26,171.64
1339,2017-09-14,172.26,172.28,170.5,170.96
1338,2017-09-13,173.01,173.17,172.06,173.05
1337,2017-09-12,173.76,174.0,171.75,172.96
1336,2017-09-11,172.4,173.89,172.2,173.51
1335,2017-09-08,173.09,173.49,170.8,170.95
1334,2017-09-07,171.94,173.31,170.27,173.21
1333,2017-09-06,170.91,172.48,169.57,172.09
1332,2017-09-05,171.27,172.3875,169.55,170.72
1331,2017-09-01,172.4,172.92,171.31,172.02
1330,2017-08-31,170.4,172.15,170.06,171.97
1329,2017-08-30,168.17,170.18,167.63,169.92
1328,2017-08-29,165.25,168.43,165.0,168.05
1327,2017-08-28,166.91,167.7,166.33,167.24
1326,2017-08-25,167.86,168.38,166.18,166.32
1325,2017-08-24,168.88,169.29,166.41,167.74
1324,2017-08-23,168.84,169.36,168.2,168.71
1323,2017-08-22,168.28,169.87,167.15,169.64
1322,2017-08-21,167.16,168.0,165.82,167.78
1321,2017-08-18,166.84,168.67,166.21,167.41
1320,2017-08-17,169.34,169.86,166.85,166.91
1319,2017-08-16,171.25,171.38,169.24,170.0
1318,2017-08-15,171.49,171.5,170.01,171.0
1317,2017-08-14,170.09,171.08,169.29,170.75
1316,2017-08-11,167.95,168.82,166.85,168.08
1315,2017-08-10,170.06,170.59,166.85,167.4
1314,2017-08-09,169.98,171.45,169.56,171.18
1313,2017-08-08,171.88,173.05,170.62,171.23
1312,2017-08-07,169.95,172.06,169.66,171.98
1311,2017-08-04,168.97,170.06,168.69,169.62
1310,2017-08-03,169.3,169.7,168.25,168.59
1309,2017-08-02,170.3,170.55,166.91,169.3
1308,2017-08-01,169.82,170.47,169.05,169.86
1307,2017-07-31,172.0,172.72,168.55,169.25
1306,2017-07-28,169.07,173.43,169.05,172.45
1305,2017-07-27,174.7,175.49,167.5,170.44
1304,2017-07-26,166.01,166.01,164.1,165.61
1303,2017-07-25,165.01,165.54,163.86,165.28
1302,2017-07-24,164.64,166.17,164.31,166.0
1301,2017-07-21,164.16,165.05,163.75,164.43
1300,2017-07-20,164.8,165.0,162.81,164.53
1299,2017-07-19,163.59,165.7,163.17,164.14
1298,2017-07-18,159.66,163.73,159.42,162.86
1297,2017-07-17,160.25,160.78,158.81,159.73
1296,2017-07-14,160.13,160.32,159.33,159.97
1295,2017-07-13,158.74,159.78,158.4227,159.26
1294,2017-07-12,156.49,159.16,156.2,158.9
1293,2017-07-11,153.37,155.42,152.91,155.27
1292,2017-07-10,151.69,153.98,151.51,153.5
1291,2017-07-07,149.25,151.99,149.19,151.44
1290,2017-07-06,149.03,150.04,148.0,148.82
1289,2017-07-05,149.0,150.85,148.13,150.34
1288,2017-07-03,151.72,152.15,147.8,148.43
1287,2017-06-30,151.9,151.92,150.06,150.98
1286,2017-06-29,152.28,152.5,148.92,151.04
1285,2017-06-28,150.92,153.47,149.86,153.24
1284,2017-06-27,152.84,153.31,150.39,150.58
1283,2017-06-26,156.25,156.5,153.2,153.59
1282,2017-06-23,152.72,155.2,152.65,155.07
1281,2017-06-22,153.01,154.55,152.91,153.4
1280,2017-06-21,152.36,154.08,151.88,153.91
1279,2017-06-20,152.88,153.84,152.21,152.25
1278,2017-06-19,151.71,153.57,151.71,152.87
1277,2017-06-16,149.59,150.83,148.6,150.64
1276,2017-06-15,147.67,150.04,146.37,149.8
1275,2017-06-14,151.26,152.4,149.05,150.25
1274,2017-06-13,150.15,151.18,148.9,150.68
1273,2017-06-12,148.17,149.2,144.56,148.44
1272,2017-06-09,154.77,155.59,146.61,149.6
1271,2017-06-08,154.08,154.73,153.1,154.71
1270,2017-06-07,153.27,153.75,152.34,153.12
1269,2017-06-06,153.41,154.52,152.48,152.81
1268,2017-06-05,153.64,154.71,153.41,153.63
1267,2017-06-02,151.85,153.63,151.3,153.61
1266,2017-06-01,151.75,152.29,150.3,151.53
1265,2017-05-31,152.7,153.35,151.09,151.46
1264,2017-05-30,151.97,152.9,151.64,152.38
1263,2017-05-26,152.23,152.25,151.15,152.13
1262,2017-05-25,150.3,152.59,149.95,151.96
1261,2017-05-24,148.51,150.23,148.42,150.04
1260,2017-05-23,148.52,148.81,147.25,148.07
1259,2017-05-22,148.08,148.59,147.69,148.24
1258,2017-05-19,148.45,149.39,147.96,148.06
1257,2017-05-18,144.72,148.15,144.51,147.66
1256,2017-05-17,148.0,148.67,144.42,144.85
1255,2017-05-16,150.11,150.21,149.03,149.78
1254,2017-05-15,150.17,151.48,149.77,150.19
1253,2017-05-12,150.4,150.46,149.63,150.33
1252,2017-05-11,150.31,150.65,149.41,150.04
1251,2017-05-10,150.23,150.52,148.86,150.29
1250,2017-05-09,151.49,152.59,150.21,150.48
1249,2017-05-08,150.71,151.08,149.74,151.06
1248,2017-05-05,151.45,151.63,149.79,150.24
1247,2017-05-04,150.17,151.52,148.72,150.85
1246,2017-05-03,153.6,153.6,151.34,151.8
1245,2017-05-02,153.34,153.44,151.66,152.78
1244,2017-05-01,151.74,152.57,151.42,152.46
1243,2017-04-28,149.5,151.53,149.07,150.25
1242,2017-04-27,146.67,147.75,146.14,147.7
1241,2017-04-26,147.09,147.59,146.09,146.56
1240,2017-04-25,145.79,147.15,145.79,146.49
1239,2017-04-24,144.96,145.67,144.34,145.47
1238,2017-04-21,143.9,144.17,142.27,143.68
1237,2017-04-20,142.95,144.25,142.69,143.8
1236,2017-04-19,141.35,143.04,141.27,142.27
1235,2017-04-18,141.27,141.91,140.61,140.96
1234,2017-04-17,139.76,141.55,139.75,141.42
1233,2017-04-13,139.62,140.58,139.33,139.39
1232,2017-04-12,139.72,140.4,139.44,139.58
1231,2017-04-11,140.8,141.03,138.81,139.92
1230,2017-04-10,141.0,141.43,140.63,141.04
1229,2017-04-07,141.2,141.55,140.24,140.78
1228,2017-04-06,142.11,142.22,140.91,141.17
1227,2017-04-05,142.26,143.44,141.29,141.85
1226,2017-04-04,141.86,142.09,141.27,141.73
1225,2017-04-03,141.93,142.47,140.82,142.28
1224,2017-03-31,142.31,142.63,141.89,142.05
1223,2017-03-30,142.4,142.95,141.85,142.41
1222,2017-03-29,141.99,142.86,141.43,142.65
1221,2017-03-28,140.36,141.95,140.01,141.76
1220,2017-03-27,139.05,140.65,138.77,140.32
1219,2017-03-24,140.08,141.02,139.76,140.34
1218,2017-03-23,139.48,140.39,139.09,139.53
1217,2017-03-22,137.93,139.79,137.6,139.59
1216,2017-03-21,141.15,142.31,138.4,138.51
1215,2017-03-20,139.71,140.19,139.25,139.94
1214,2017-03-17,140.34,140.34,139.7,139.84
1213,2017-03-16,140.2,140.25,139.73,139.99
1212,2017-03-15,139.29,140.1,138.49,139.72
1211,2017-03-14,139.46,139.46,138.52,139.32
1210,2017-03-13,138.71,139.68,138.67,139.6
1209,2017-03-10,138.91,139.49,138.22,138.79
1208,2017-03-09,137.72,138.57,137.4,138.24
1207,2017-03-08,137.15,137.99,137.05,137.72
1206,2017-03-07,137.03,138.37,136.99,137.3
1205,2017-03-06,136.88,137.83,136.51,137.42
1204,2017-03-03,136.63,137.33,136.08,137.17
1203,2017-03-02,137.09,137.82,136.31,136.76
1202,2017-03-01,136.47,137.48,136.3,137.42
1201,2017-02-28,136.79,136.81,134.75,135.54
1200,2017-02-27,135.26,137.18,135.02,136.41
1199,2017-02-24,134.16,135.62,134.16,135.44
1198,2017-02-23,135.89,136.12,134.33,135.36
1197,2017-02-22,133.6,136.79,133.46,136.12
1196,2017-02-21,133.5,133.91,132.9,133.72
1195,2017-02-17,133.5,134.09,133.17,133.53
1194,2017-02-16,133.07,133.87,133.02,133.84
1193,2017-02-15,133.45,133.7,132.66,133.44
1192,2017-02-14,134.1,134.23,132.55,133.85
1191,2017-02-13,134.7,134.7,133.7,134.05
1190,2017-02-10,134.1,134.94,133.68,134.19
1189,2017-02-09,134.49,134.5,133.31,134.14
1188,2017-02-08,132.6,134.44,132.44,134.2
1187,2017-02-07,132.24,133.0,131.66,131.84
1186,2017-02-06,130.98,132.06,130.3,132.06
1185,2017-02-03,131.24,132.85,130.76,130.98
1184,2017-02-02,133.22,135.49,130.4,130.84
1183,2017-02-01,132.25,133.49,130.68,133.23
1182,2017-01-31,130.17,130.66,129.5157,130.32
1181,2017-01-30,131.58,131.58,129.6,130.98
1180,2017-01-27,132.68,132.95,131.08,132.18
1179,2017-01-26,131.63,133.14,131.4401,132.78
1178,2017-01-25,130.0,131.74,129.77,131.48
1177,2017-01-24,129.38,129.9,128.38,129.37
1176,2017-01-23,127.31,129.25,126.95,128.93
1175,2017-01-20,128.1,128.48,126.78,127.04
1174,2017-01-19,128.23,128.35,127.45,127.55
1173,2017-01-18,128.41,128.43,126.84,127.92
1172,2017-01-17,128.04,128.34,127.4,127.87
1171,2017-01-13,127.49,129.27,127.37,128.34
1170,2017-01-12,125.61,126.73,124.8,126.62
1169,2017-01-11,124.35,126.12,124.06,126.09
1168,2017-01-10,124.82,125.5,124.28,124.35
1167,2017-01-09,123.55,125.43,123.04,124.9
1166,2017-01-06,120.98,123.88,120.03,123.41
1165,2017-01-05,118.86,120.95,118.3209,120.67
1164,2017-01-04,117.55,119.66,117.29,118.69
1163,2017-01-03,116.03,117.84,115.51,116.86
1162,2016-12-30,116.595,116.83,114.7739,115.05
1161,2016-12-29,117.0,117.531,116.06,116.35
1160,2016-12-28,118.19,118.25,116.65,116.92
1159,2016-12-27,116.96,118.68,116.864,118.01
1158,2016-12-23,117.0,117.56,116.3,117.27
1157,2016-12-22,118.86,118.99,116.93,117.4
1156,2016-12-21,118.92,119.2,118.48,119.04
1155,2016-12-20,119.5,119.77,118.8,119.09
1154,2016-12-19,119.85,120.36,118.51,119.24
1153,2016-12-16,120.9,121.5,119.27,119.87
1152,2016-12-15,120.08,122.5,119.63,120.57
1151,2016-12-14,120.0,121.69,118.85,120.21
1150,2016-12-13,117.86,121.52,117.61,120.31
1149,2016-12-12,119.22,119.24,117.65,117.77
1148,2016-12-09,119.22,119.94,118.95,119.68
1147,2016-12-08,117.98,119.5,117.64,118.91
1146,2016-12-07,117.0,117.95,116.57,117.95
1145,2016-12-06,117.69,117.795,116.33,117.31
1144,2016-12-05,115.95,117.57,115.07,117.43
1143,2016-12-02,115.11,116.48,114.3,115.4
1142,2016-12-01,118.38,118.45,114.0,115.1
1141,2016-11-30,120.32,121.79,117.95,118.42
1140,2016-11-29,120.57,122.1,120.4,120.87
1139,2016-11-28,120.12,121.69,119.82,120.41
1138,2016-11-25,121.01,121.14,120.07,120.38
1137,2016-11-23,121.23,121.31,119.94,120.84
1136,2016-11-22,122.4,122.98,120.9,121.47
1135,2016-11-21,118.2,121.95,117.8,121.77
1134,2016-11-18,118.39,119.13,116.84,117.02
1133,2016-11-17,116.81,117.79,116.01,117.79
1132,2016-11-16,114.48,117.88,114.21,116.34
1131,2016-11-15,116.73,118.49,115.83,117.2
1130,2016-11-14,119.1256,119.1256,113.5535,115.08
1129,2016-11-11,119.53,120.7,118.15,119.02
1128,2016-11-10,123.93,124.18,115.27,120.8
1127,2016-11-09,121.5,123.81,120.51,123.18
1126,2016-11-08,122.03,124.61,121.54,124.22
1125,2016-11-07,122.83,123.2089,121.35,122.15
1124,2016-11-04,119.59,121.93,119.25,120.75
1123,2016-11-03,122.0,123.28,119.5,120.0
1122,2016-11-02,130.23,130.23,126.28,127.17
1121,2016-11-01,131.41,131.94,128.65,129.5
1120,2016-10-31,132.01,132.12,130.8835,130.99
1119,2016-10-28,130.5,132.97,129.93,131.29
1118,2016-10-27,131.74,131.8,129.27,129.69
1117,2016-10-26,131.64,132.26,130.935,131.04
1116,2016-10-25,133.5,133.5,132.22,132.29
1115,2016-10-24,132.72,133.405,132.15,133.28
1114,2016-10-21,129.78,132.13,129.7,132.07
1113,2016-10-20,130.07,130.66,129.5,130.0
1112,2016-10-19,128.74,130.47,128.6,130.11
1111,2016-10-18,128.68,129.39,128.01,128.57
1110,2016-10-17,128.2,128.47,127.32,127.54
1109,2016-10-14,128.49,128.95,127.58,127.88
1108,2016-10-13,128.21,128.25,126.75,127.82
1107,2016-10-12,129.01,129.66,128.46,129.05
1106,2016-10-11,130.23,130.64,128.23,128.88
1105,2016-10-10,129.68,130.7,129.2,130.24
1104,2016-10-07,129.04,129.25,128.33,128.99
1103,2016-10-06,128.43,129.06,128.08,128.74
1102,2016-10-05,128.25,128.8,127.83,128.47
1101,2016-10-04,129.17,129.2765,127.5499,128.19
1100,2016-10-03,128.38,129.09,127.8,128.77
1099,2016-09-30,128.03,128.59,127.45,128.27
1098,2016-09-29,129.18,129.29,127.55,128.09
1097,2016-09-28,129.21,129.47,128.4,129.23
1096,2016-09-27,127.61,129.01,127.43,128.69
1095,2016-09-26,127.37,128.16,126.8,127.31
1094,2016-09-23,127.56,128.6,127.3,127.96
1093,2016-09-22,130.5,130.73,129.56,130.08
1092,2016-09-21,129.13,130.005,128.39,129.94
1091,2016-09-20,128.65,129.17,128.0307,128.64
1090,2016-09-19,129.91,129.94,128.26,128.65
1089,2016-09-16,128.2,129.18,128.2,129.07
1088,2016-09-15,127.98,129.1,127.67,128.35
1087,2016-09-14,126.89,128.8,126.89,127.77
1086,2016-09-13,128.03,128.35,126.66,127.21
1085,2016-09-12,125.96,128.76,125.75,128.69
1084,2016-09-09,129.71,129.949,127.1,127.1
1083,2016-09-08,130.92,131.08,129.81,130.27
1082,2016-09-07,130.04,131.98,129.95,131.05
1081,2016-09-06,126.67,129.94,126.47,129.73
1080,2016-09-02,126.85,126.86,126.0,126.51
1079,2016-09-01,126.38,126.63,125.6,126.17
1078,2016-08-31,125.6,126.22,125.1,126.12
1077,2016-08-30,126.6,126.6,125.15,125.84
1076,2016-08-29,124.35,126.73,124.35,126.54
1075,2016-08-26,124.05,125.19,123.91,124.96
1074,2016-08-25,123.12,124.37,123.1,123.89
1073,2016-08-24,124.47,124.69,123.09,123.48
1072,2016-08-23,124.51,125.09,124.25,124.37
1071,2016-08-22,123.33,124.83,123.11,124.15
1070,2016-08-19,123.6,124.157,123.28,123.56
1069,2016-08-18,124.01,124.26,123.64,123.91
1068,2016-08-17,123.66,124.38,122.85,124.37
1067,2016-08-16,123.5,123.92,122.78,123.3
1066,2016-08-15,124.91,124.92,123.7,123.9
1065,2016-08-12,124.7,125.0,124.18,124.88
1064,2016-08-11,125.2,125.38,124.75,124.9
1063,2016-08-10,125.07,125.48,124.54,124.88
1062,2016-08-09,125.34,126.09,124.53,125.06
1061,2016-08-08,125.25,125.45,124.55,125.26
1060,2016-08-05,124.98,125.835,124.6184,125.15
1059,2016-08-04,122.94,124.79,122.51,124.36
1058,2016-08-03,123.09,123.92,122.31,122.51
1057,2016-08-02,124.06,124.8,122.07,123.09
1056,2016-08-01,123.85,124.58,122.86,124.31
1055,2016-07-29,124.65,125.84,123.71,123.94
1054,2016-07-28,127.52,128.33,123.63,125.0
1053,2016-07-27,122.42,125.0,121.51,123.34
1052,2016-07-26,122.0,122.07,120.75,121.22
1051,2016-07-25,121.39,121.85,117.78,121.63
1050,2016-07-22,119.9,121.01,119.31,121.0
1049,2016-07-21,121.92,122.1,120.25,120.61
1048,2016-07-20,121.25,122.2,120.56,121.92
1047,2016-07-19,118.99,120.85,118.66,120.61
1046,2016-07-18,117.32,119.61,116.89,119.37
1045,2016-07-15,117.74,118.28,116.58,116.86
1044,2016-07-14,117.5,117.64,116.7,117.29
1043,2016-07-13,118.39,118.4,116.68,116.78
1042,2016-07-12,118.63,118.72,117.57,117.93
1041,2016-07-11,117.71,118.7,117.5,117.87
1040,2016-07-08,116.43,117.5,115.85,117.24
1039,2016-07-07,116.63,116.97,115.36,115.85
1038,2016-07-06,113.36,116.79,112.97,116.7
1037,2016-07-05,113.94,114.11,112.97,114.0
1036,2016-07-01,114.2,115.13,113.81,114.19
1035,2016-06-30,114.67,115.18,113.67,114.28
1034,2016-06-29,113.37,114.25,113.04,114.16
1033,2016-06-28,110.63,112.75,110.55,112.7
1032,2016-06-27,111.57,111.57,108.23,108.97
1031,2016-06-24,111.01,113.68,111.0,112.08
1030,2016-06-23,114.37,115.09,113.54,115.08
1029,2016-06-22,114.65,114.74,113.61,113.91
1028,2016-06-21,114.12,115.2142,113.97,114.38
1027,2016-06-20,113.77,114.72,112.75,113.37
1026,2016-06-17,114.42,114.43,112.56,113.02
1025,2016-06-16,113.87,114.5,112.94,114.39
1024,2016-06-15,115.3,115.44,114.07,114.6
1023,2016-06-14,114.07,114.95,113.58,114.94
1022,2016-06-13,115.0,115.48,113.31,113.95
1021,2016-06-10,117.54,118.11,116.26,116.62
1020,2016-06-09,118.13,118.68,117.71,118.56
1019,2016-06-08,117.76,118.6,117.27,118.39
1018,2016-06-07,119.24,119.3,117.67,117.76
1017,2016-06-06,118.62,119.43,118.36,118.79
1016,2016-06-03,118.975,118.98,117.86,118.47
1015,2016-06-02,118.69,119.44,118.22,118.93
1014,2016-06-01,118.5,119.08,117.82,118.78
1013,2016-05-31,119.46,120.1,118.121,118.81
1012,2016-05-27,119.56,119.85,119.01,119.38
1011,2016-05-26,118.24,119.7601,117.92,119.47
1010,2016-05-25,118.13,118.665,117.38,117.89
1009,2016-05-24,116.24,117.73,116.12,117.7
1008,2016-05-23,117.42,117.6,115.94,115.97
1007,2016-05-20,116.96,117.99,116.95,117.35
1006,2016-05-19,117.05,117.49,115.88,116.81
1005,2016-05-18,116.8,118.27,116.73,117.65
1004,2016-05-17,118.82,119.01,117.2,117.35
1003,2016-05-16,119.38,119.61,117.35,118.67
1002,2016-05-13,120.38,120.64,119.68,119.81
1001,2016-05-12,119.98,120.84,118.9,120.28
1000,2016-05-11,120.41,121.08,119.42,119.52
999,2016-05-10,119.62,120.5,114.8,120.5
998,2016-05-09,119.54,120.28,118.9,119.24
997,2016-05-06,117.16,119.637,117.1127,119.49
996,2016-05-05,118.04,118.98,117.25,117.81
995,2016-05-04,116.61,118.3,116.57,118.06
994,2016-05-03,117.52,118.16,117.02,117.43
993,2016-05-02,117.83,118.73,116.57,118.57
992,2016-04-29,116.82,117.84,115.84,117.58
991,2016-04-28,119.575,120.79,116.23,116.73
990,2016-04-27,107.94,108.94,106.31,108.89
989,2016-04-26,110.49,110.5,108.15,108.76
988,2016-04-25,109.87,110.67,109.07,110.1
987,2016-04-22,111.21,111.75,109.01,110.56
986,2016-04-21,112.55,114.04,112.31,113.44
985,2016-04-20,112.43,113.27,111.56,112.42
984,2016-04-19,111.1,112.45,109.16,112.29
983,2016-04-18,109.74,110.81,109.2,110.45
982,2016-04-15,110.79,110.97,109.2,109.64
981,2016-04-14,110.62,112.04,110.26,110.84
980,2016-04-13,112.23,112.65,106.52,110.51
979,2016-04-12,109.34,111.1645,108.99,110.61
978,2016-04-11,110.7,110.91,108.77,108.99
977,2016-04-08,114.25,114.33,109.9,110.63
976,2016-04-07,113.79,114.89,113.0663,113.64
975,2016-04-06,112.47,113.81,112.42,113.71
974,2016-04-05,112.11,113.32,111.9,112.22
973,2016-04-04,114.07,114.55,111.61,112.55
972,2016-04-01,113.75,116.17,113.35,116.06
971,2016-03-31,114.7,115.01,113.7682,114.1
970,2016-03-30,116.73,116.99,114.355,114.7
969,2016-03-29,113.83,116.32,113.64,116.14
968,2016-03-28,113.32,114.5889,112.95,113.69
967,2016-03-24,112.13,113.09,111.68,113.05
966,2016-03-23,112.01,113.19,112.0,112.54
965,2016-03-22,111.36,112.88,111.17,112.25
964,2016-03-21,111.66,112.37,111.03,111.85
963,2016-03-18,111.56,112.42,110.27,111.45
962,2016-03-17,112.15,112.69,110.73,111.02
961,2016-03-16,110.49,112.5,110.1,112.18
960,2016-03-15,109.11,110.83,108.84,110.67
959,2016-03-14,109.28,110.33,108.77,109.89
958,2016-03-11,108.48,109.42,107.92,109.41
957,2016-03-10,107.91,108.66,105.7699,107.32
956,2016-03-09,106.7,107.51,105.49,107.51
955,2016-03-08,104.78,107.37,104.4,105.93
954,2016-03-07,108.07,108.07,104.72,105.73
953,2016-03-04,110.05,110.05,107.93,108.39
952,2016-03-03,110.25,110.3,108.54,109.58
951,2016-03-02,109.68,110.55,108.77,109.95
950,2016-03-01,107.83,109.82,107.6,109.82
949,2016-02-29,107.6,108.9101,106.75,106.92
948,2016-02-26,108.7,109.45,107.16,107.92
947,2016-02-25,107.11,108.07,105.61,108.07
946,2016-02-24,104.21,106.95,102.74,106.88
945,2016-02-23,106.85,107.47,105.12,105.46
944,2016-02-22,105.49,108.25,105.34,107.16
943,2016-02-19,102.55,105.02,102.06,104.57
942,2016-02-18,105.8,106.0,103.03,103.47
941,2016-02-17,101.94,105.72,100.4,105.2
940,2016-02-16,103.8,103.93,100.24,101.61
939,2016-02-12,103.74,104.24,101.09,102.01
938,2016-02-11,99.6,105.11,98.88,101.91
937,2016-02-10,101.55,103.25,100.24,101.0
936,2016-02-09,97.14,102.4,96.82,99.54
935,2016-02-08,100.41,102.68,97.46,99.75
934,2016-02-05,109.51,109.58,103.18,104.07
933,2016-02-04,111.8,111.94,109.25,110.49
932,2016-02-03,115.27,115.3407,109.75,112.69
931,2016-02-02,114.8,117.59,113.2,114.61
930,2016-02-01,112.27,115.72,112.01,115.09
929,2016-01-29,108.99,112.84,108.84,112.21
928,2016-01-28,107.2,110.34,104.81,109.11
927,2016-01-27,97.79,97.85,94.23,94.45
926,2016-01-26,97.76,97.88,95.66,97.34
925,2016-01-25,98.72,99.48,96.93,97.01
924,2016-01-22,96.41,98.07,95.49,97.94
923,2016-01-21,94.91,95.99,92.62,94.16
922,2016-01-20,92.83,95.0,89.37,94.35
921,2016-01-19,96.53,97.42,93.92,95.26
920,2016-01-15,93.98,96.38,93.54,94.97
919,2016-01-14,95.85,98.87,92.45,98.37
918,2016-01-13,100.58,100.58,95.21,95.44
917,2016-01-12,99.0,99.96,97.55,99.37
916,2016-01-11,97.91,98.6,95.39,97.51
915,2016-01-08,99.88,100.5,97.0311,97.33
914,2016-01-07,100.5,101.43,97.3,97.92
913,2016-01-06,101.13,103.77,100.9,102.97
912,2016-01-05,102.89,103.7099,101.665,102.73
911,2016-01-04,101.95,102.24,99.75,102.22
910,2015-12-31,106.0,106.17,104.62,104.66
909,2015-12-30,107.0,107.25,106.06,106.22
908,2015-12-29,106.42,107.74,106.25,107.26
907,2015-12-28,105.02,105.98,104.53,105.93
906,2015-12-24,104.74,105.32,104.5,105.02
905,2015-12-23,105.89,106.11,103.86,104.63
904,2015-12-22,105.22,105.6601,104.81,105.51
903,2015-12-21,104.91,105.15,103.6,104.77
902,2015-12-18,106.08,106.59,103.97,104.04
901,2015-12-17,107.49,107.75,106.13,106.22
900,2015-12-16,105.37,107.09,104.19,106.79
899,2015-12-15,105.3,105.8,104.28,104.55
898,2015-12-14,102.285,104.74,101.46,104.66
897,2015-12-11,104.15,104.34,101.91,102.12
896,2015-12-10,105.05,106.4,104.41,105.42
895,2015-12-09,106.18,106.44,103.55,104.6
894,2015-12-08,104.0,106.91,103.95,106.49
893,2015-12-07,106.48,106.83,104.66,105.61
892,2015-12-04,104.81,107.73,104.11,106.18
891,2015-12-03,106.27,106.85,103.35,104.38
890,2015-12-02,107.0,107.92,105.79,106.07
889,2015-12-01,104.83,107.15,104.5,107.12
888,2015-11-30,105.84,106.0999,103.75,104.24
887,2015-11-27,105.78,105.96,104.86,105.45
886,2015-11-25,106.33,106.6,105.1,105.41
885,2015-11-24,106.0,106.49,104.39,105.74
884,2015-11-23,107.19,107.468,106.08,106.95
883,2015-11-20,106.84,107.87,106.62,107.32
882,2015-11-19,107.36,107.73,105.95,106.26
881,2015-11-18,105.8,107.88,105.39,107.77
880,2015-11-17,104.62,106.2,104.14,105.13
879,2015-11-16,103.32,104.17,100.47,104.04
878,2015-11-13,107.71,108.25,103.83,103.95
877,2015-11-12,108.48,109.39,108.0,108.02
876,2015-11-11,108.27,109.87,107.11,109.01
875,2015-11-10,105.96,108.15,105.24,107.91
874,2015-11-09,107.0,108.25,105.86,106.49
873,2015-11-06,108.04,108.74,105.91,107.095
872,2015-11-05,108.8,110.65,107.95,108.76
871,2015-11-04,103.19,104.14,102.48,103.94
870,2015-11-03,103.22,103.65,102.4,102.58
869,2015-11-02,102.46,103.47,101.18,103.31
868,2015-10-30,104.51,104.72,101.65,101.97
867,2015-10-29,103.96,105.12,103.52,104.88
866,2015-10-28,103.9,104.48,102.92,104.2
865,2015-10-27,102.94,104.1,102.4,103.7
864,2015-10-26,102.2,103.81,101.55,103.77
863,2015-10-23,101.91,102.85,100.16,102.19
862,2015-10-22,97.79,99.73,97.55,99.67
861,2015-10-21,97.37,98.18,96.47,97.11
860,2015-10-20,98.73,99.59,96.56,97.0
859,2015-10-19,97.18,98.57,96.92,98.47
858,2015-10-16,96.18,97.59,95.35,97.54
857,2015-10-15,94.99,96.3,94.9,95.96
856,2015-10-14,94.08,95.2,93.61,94.07
855,2015-10-13,93.66,95.37,93.55,94.12
854,2015-10-12,93.32,94.6,92.67,94.26
853,2015-10-09,92.9,93.74,92.239,93.24
852,2015-10-08,91.89,93.22,90.47,92.47
851,2015-10-07,93.11,93.66,91.37,92.4
850,2015-10-06,94.08,94.17,92.34,92.8
849,2015-10-05,92.94,94.27,92.66,94.01
848,2015-10-02,88.9,92.2,88.37,92.07
847,2015-10-01,90.05,90.95,88.36,90.95
846,2015-09-30,88.44,90.02,88.01,89.9
845,2015-09-29,89.1,90.06,85.72,86.67
844,2015-09-28,92.08,92.29,88.18,89.21
843,2015-09-25,95.79,95.85,92.06,92.77
842,2015-09-24,93.06,94.765,92.24,94.41
841,2015-09-23,93.4,94.32,92.8,93.97
840,2015-09-22,93.77,94.68,91.92,92.96
839,2015-09-21,94.62,96.49,94.52,95.55
838,2015-09-18,93.2,95.19,93.05,94.4
837,2015-09-17,93.37,95.51,92.9,94.34
836,2015-09-16,92.9,93.6,92.63,93.45
835,2015-09-15,92.37,93.25,91.79,92.9
834,2015-09-14,92.31,92.62,91.6,92.31
833,2015-09-11,91.68,92.08,91.13,92.05
832,2015-09-10,90.07,92.06,89.63,91.98
831,2015-09-09,90.78,91.98,90.17,90.44
830,2015-09-08,89.69,90.24,88.83,89.53
829,2015-09-04,87.2,88.39,86.7,88.26
828,2015-09-03,89.76,89.82,87.73,88.15
827,2015-09-02,88.82,89.89,87.63,89.89
826,2015-09-01,86.99,89.39,86.5,87.23
825,2015-08-31,90.59,91.05,88.89,89.43
824,2015-08-28,89.94,91.48,89.792,91.01
823,2015-08-27,89.19,90.06,87.19,89.73
822,2015-08-26,85.95,87.46,83.26,87.19
821,2015-08-25,86.95,87.67,83.0,83.0
820,2015-08-24,77.03,87.14,72.0,82.09
819,2015-08-21,87.52,89.18,85.61,86.06
818,2015-08-20,93.54,94.77,90.46,90.56
817,2015-08-19,94.63,96.1,94.161,95.31
816,2015-08-18,94.08,95.85,94.04,95.17
815,2015-08-17,94.42,94.46,93.39,93.93
814,2015-08-14,93.54,94.72,93.21,94.42
813,2015-08-13,94.05,94.73,93.35,93.43
812,2015-08-12,92.7,94.44,91.19,94.19
811,2015-08-11,93.73,94.76,92.9006,93.62
810,2015-08-10,95.68,95.9,93.63,94.15
809,2015-08-07,95.38,95.4,93.61,94.3
808,2015-08-06,97.18,98.74,94.42,95.12
807,2015-08-05,95.25,97.09,95.18,96.44
806,2015-08-04,93.79,94.73,93.33,94.06
805,2015-08-03,93.53,95.08,92.8,94.14
804,2015-07-31,94.95,96.33,93.95,94.01
803,2015-07-30,94.91,95.81,91.8,95.21
802,2015-07-29,96.32,97.28,94.74,96.99
801,2015-07-28,94.84,95.56,93.31,95.29
800,2015-07-27,96.58,96.61,93.8301,94.17
799,2015-07-24,97.35,97.76,95.88,96.95
798,2015-07-23,96.96,97.45,94.81,95.44
797,2015-07-22,96.74,97.58,95.92,97.04
796,2015-07-21,98.95,99.24,97.1427,98.39
795,2015-07-20,95.85,98.6,95.36,97.91
794,2015-07-17,92.55,95.39,92.54,94.97
793,2015-07-16,90.28,90.86,89.77,90.85
792,2015-07-15,90.0,90.99,89.42,89.76
791,2015-07-14,90.46,90.8,89.65,89.68
790,2015-07-13,88.66,90.22,88.42,90.1
789,2015-07-10,87.35,88.22,86.77,87.95
788,2015-07-09,86.73,87.6,85.6499,85.88
787,2015-07-08,86.29,86.75,85.445,85.65
786,2015-07-07,87.8,87.85,85.231,87.22
785,2015-07-06,86.49,88.1846,86.39,87.55
784,2015-07-02,87.4,87.44,86.3401,87.285
783,2015-07-01,86.77,87.95,86.49,86.91
782,2015-06-30,86.6,86.7,85.57,85.765
781,2015-06-29,86.61,87.5,85.73,85.8
780,2015-06-26,88.12,88.34,86.8283,88.01
779,2015-06-25,89.26,89.4,87.835,87.98
778,2015-06-24,87.66,89.25,87.45,88.86
777,2015-06-23,84.96,87.97,84.76,87.88
776,2015-06-22,83.41,84.97,83.31,84.74
775,2015-06-19,82.83,82.98,82.12,82.51
774,2015-06-18,81.64,83.19,81.57,82.905
773,2015-06-17,81.76,82.22,81.34,81.79
772,2015-06-16,80.82,81.51,80.45,81.06
771,2015-06-15,80.55,80.93,80.07,80.71
770,2015-06-12,81.37,82.09,81.2,81.53
769,2015-06-11,82.31,82.9,81.36,81.83
768,2015-06-10,80.83,82.6,80.81,82.16
767,2015-06-09,80.6,81.19,79.32,80.67
766,2015-06-08,81.82,82.0,80.13,80.67
765,2015-06-05,81.87,82.46,81.51,82.14
764,2015-06-04,82.14,82.95,81.51,82.05
763,2015-06-03,81.35,82.53,81.25,82.44
762,2015-06-02,79.76,81.35,79.56,80.445
761,2015-06-01,79.3,80.38,78.66,80.29
760,2015-05-29,79.95,80.07,78.88,79.19
759,2015-05-28,80.25,81.0745,80.0,80.145
758,2015-05-27,79.6,80.66,79.43,80.55
757,2015-05-26,80.43,80.6,79.08,79.335
756,2015-05-22,80.35,81.31,80.25,80.54
755,2015-05-21,80.19,80.92,80.08,80.48
754,2015-05-20,80.47,81.1,79.46,80.55
753,2015-05-19,81.25,81.69,80.55,80.63
752,2015-05-18,80.33,81.38,80.23,80.88
751,2015-05-15,81.41,81.52,80.18,80.42
750,2015-05-14,78.94,81.845,78.67,81.37
749,2015-05-13,77.72,78.53,77.65,78.44
748,2015-05-12,77.87,77.89,76.79,77.46
747,2015-05-11,78.48,79.03,77.93,78.01
746,2015-05-08,79.1,79.23,78.03,78.51
745,2015-05-07,78.0,78.94,77.56,78.425
744,2015-05-06,77.97,78.81,77.05,78.1
743,2015-05-05,78.55,78.8,77.22,77.56
742,2015-05-04,79.33,79.69,78.6301,78.81
741,2015-05-01,79.24,79.76,78.11,78.99
740,2015-04-30,80.01,80.96,78.32,78.77
739,2015-04-29,80.01,81.39,79.52,80.465
738,2015-04-28,81.83,81.9,80.23,80.68
737,2015-04-27,81.87,82.93,81.63,81.91
736,2015-04-24,82.77,82.94,81.48,81.53
735,2015-04-23,84.1,85.59,82.41,82.41
734,2015-04-22,84.32,84.74,83.65,84.63
733,2015-04-21,84.0,84.49,83.54,83.62
732,2015-04-20,81.54,83.15,81.24,83.09
731,2015-04-17,81.48,82.11,80.37,80.775
730,2015-04-16,82.47,83.07,82.15,82.31
729,2015-04-15,83.55,83.66,82.27,82.705
728,2015-04-14,83.17,83.69,82.44,83.515
727,2015-04-13,81.93,83.94,81.92,83.01
726,2015-04-10,82.21,82.61,81.91,82.04
725,2015-04-09,82.5,82.8,81.71,82.17
724,2015-04-08,82.63,83.1,81.84,82.275
723,2015-04-07,82.65,83.42,82.22,82.32
722,2015-04-06,80.8,82.81,80.8,82.44
721,2015-04-02,82.25,82.56,81.44,81.555
720,2015-04-01,82.5,82.72,80.87,81.665
719,2015-03-31,82.9,83.5,82.21,82.215
718,2015-03-30,83.81,84.34,82.41,83.195
717,2015-03-27,83.38,83.95,82.88,83.3
716,2015-03-26,82.72,83.77,82.14,83.01
715,2015-03-25,85.5,85.52,82.92,82.92
714,2015-03-24,84.71,86.0699,84.52,85.31
713,2015-03-23,83.92,84.96,83.3,84.43
712,2015-03-20,83.39,84.6,83.07,83.8
711,2015-03-19,81.12,83.0,81.0,82.75
710,2015-03-18,79.25,81.24,79.17,80.91
709,2015-03-17,78.36,79.78,78.34,79.365
708,2015-03-16,77.96,78.12,77.36,78.07
707,2015-03-13,78.6,79.38,77.68,78.05
706,2015-03-12,78.1,79.05,77.91,78.93
705,2015-03-11,77.8,78.43,77.26,77.57
704,2015-03-10,78.5,79.26,77.55,77.55
703,2015-03-09,79.68,79.91,78.63,79.44
702,2015-03-06,80.9,81.33,79.83,80.005
701,2015-03-05,81.23,81.99,81.05,81.21
700,2015-03-04,79.3,81.15,78.85,80.895
699,2015-03-03,79.61,79.7,78.52,79.6
698,2015-03-02,79.0,79.855,78.52,79.75
697,2015-02-27,80.68,81.23,78.62,78.97
696,2015-02-26,79.88,81.37,79.72,80.41
695,2015-02-25,78.5,80.2,78.5,79.56
694,2015-02-24,78.5,79.48,78.1,78.45
693,2015-02-23,79.96,80.19,78.38,78.84
692,2015-02-20,79.55,80.34,79.2,79.895
691,2015-02-19,76.986,79.84,76.95,79.42
690,2015-02-18,75.94,76.9,75.45,76.71
689,2015-02-17,75.3,76.91,75.08,75.6
688,2015-02-13,76.46,76.48,75.5,75.74
687,2015-02-12,76.86,76.87,75.89,76.23
686,2015-02-11,75.09,76.75,75.03,76.51
685,2015-02-10,74.85,75.34,74.5,75.19
684,2015-02-09,74.05,74.83,73.45,74.44
683,2015-02-06,75.68,75.7,74.25,74.47
682,2015-02-05,75.71,75.98,75.21,75.615
681,2015-02-04,75.09,76.35,75.01,75.63
680,2015-02-03,75.19,75.58,73.86,75.4
679,2015-02-02,76.11,76.14,73.75,74.99
678,2015-01-30,78.0,78.16,75.75,75.91
677,2015-01-29,76.85,78.02,74.21,78.0
676,2015-01-28,76.9,77.638,76.0,76.24
675,2015-01-27,76.71,76.88,75.63,75.78
674,2015-01-26,77.98,78.47,77.29,77.495
673,2015-01-23,77.65,78.19,77.04,77.83
672,2015-01-22,77.17,77.75,76.68,77.65
671,2015-01-21,76.16,77.3,75.85,76.74
670,2015-01-20,75.72,76.31,74.82,76.24
669,2015-01-16,74.04,75.32,73.84,75.18
668,2015-01-15,76.4,76.57,73.54,74.05
667,2015-01-14,76.42,77.2,76.0291,76.28
666,2015-01-13,77.23,78.08,75.85,76.45
665,2015-01-12,77.84,78.0,76.21,76.72
664,2015-01-09,78.2,78.62,77.2,77.74
663,2015-01-08,76.74,78.23,76.08,78.175
662,2015-01-07,76.76,77.36,75.82,76.15
661,2015-01-06,77.23,77.59,75.365,76.15
660,2015-01-05,77.98,79.2455,76.86,77.19
659,2015-01-02,78.58,78.93,77.7,78.45
658,2014-12-31,79.54,79.8,77.86,78.02
657,2014-12-30,79.85,80.59,79.1,79.22
656,2014-12-29,80.49,80.96,79.71,80.02
655,2014-12-26,81.02,81.28,80.51,80.775
654,2014-12-24,81.03,81.43,80.75,80.77
653,2014-12-23,82.02,82.17,80.4,80.61
652,2014-12-22,80.08,81.89,80.0,81.45
651,2014-12-19,78.75,80.0,78.33,79.88
650,2014-12-18,76.89,78.4,76.51,78.4
649,2014-12-17,75.01,76.41,74.9,76.11
648,2014-12-16,76.19,77.39,74.59,74.69
647,2014-12-15,78.46,78.58,76.56,76.99
646,2014-12-12,77.16,78.88,77.02,77.83
645,2014-12-11,76.52,78.52,76.48,77.73
644,2014-12-10,76.65,77.55,76.07,76.18
643,2014-12-09,75.2,76.93,74.78,76.84
642,2014-12-08,76.18,77.25,75.4,76.52
641,2014-12-05,75.8,76.76,75.36,76.36
640,2014-12-04,74.83,75.55,74.66,75.24
639,2014-12-03,75.38,75.73,74.4,74.88
638,2014-12-02,75.33,75.91,75.04,75.46
637,2014-12-01,77.26,77.31,74.8,75.1
636,2014-11-28,77.67,78.27,77.23,77.7
635,2014-11-26,75.53,77.78,75.51,77.62
634,2014-11-25,74.21,75.74,74.13,75.63
633,2014-11-24,73.54,74.35,73.35,74.01
632,2014-11-21,74.5,74.5,73.5,73.75
631,2014-11-20,72.8,73.99,72.51,73.6
630,2014-11-19,74.01,74.54,73.11,73.33
629,2014-11-18,74.45,74.8,73.9,74.34
628,2014-11-17,74.88,75.655,73.88,74.24
627,2014-11-14,74.27,74.93,74.04,74.88
626,2014-11-13,74.74,75.24,73.64,74.25
625,2014-11-12,74.28,75.14,73.54,74.72
624,2014-11-11,74.95,74.98,74.03,74.61
623,2014-11-10,75.36,75.4799,74.61,75.0
622,2014-11-07,75.39,75.855,75.02,75.6
621,2014-11-06,74.89,75.6,74.31,75.26
620,2014-11-05,76.51,76.8,74.42,74.83
619,2014-11-04,74.23,75.77,73.65,75.76
618,2014-11-03,75.47,75.52,73.7,73.88
617,2014-10-31,74.93,75.7,74.45,74.99
616,2014-10-30,75.05,75.35,72.9,74.11
615,2014-10-29,75.45,76.88,74.78,75.86
614,2014-10-28,80.18,81.16,79.57,80.77
613,2014-10-27,80.74,80.8,79.76,80.28
612,2014-10-24,80.2,80.8183,79.32,80.67
611,2014-10-23,79.38,80.63,79.01,80.04
610,2014-10-22,78.815,79.85,78.01,78.37
609,2014-10-21,77.56,78.74,77.15,78.69
608,2014-10-20,75.6,77.09,75.38,76.95
607,2014-10-17,74.23,76.0,73.75,75.95
606,2014-10-16,70.79,73.35,70.58,72.63
605,2014-10-15,71.69,73.8,70.32,73.21
604,2014-10-14,74.0,74.18,72.05,73.59
603,2014-10-13,73.23,74.78,72.52,72.99
602,2014-10-10,75.59,76.5,72.76,72.91
601,2014-10-09,77.28,77.7601,75.85,75.91
600,2014-10-08,76.18,77.71,75.1,77.52
599,2014-10-07,77.05,77.95,76.24,76.29
598,2014-10-06,77.19,77.89,76.85,77.555
597,2014-10-03,77.76,78.06,77.26,77.44
596,2014-10-02,76.57,77.48,75.64,77.08
595,2014-10-01,78.78,78.82,75.9,76.55
594,2014-09-30,79.35,79.7067,78.6,79.04
593,2014-09-29,78.12,79.199,77.91,79.0
592,2014-09-26,77.59,78.8416,77.33,78.79
591,2014-09-25,78.6,78.94,77.13,77.22
590,2014-09-24,78.1,78.62,77.51,78.535
589,2014-09-23,76.33,78.63,76.04,78.29
588,2014-09-22,77.0,77.53,75.95,76.8
587,2014-09-19,77.4,78.3,76.44,77.91
586,2014-09-18,76.77,77.33,76.52,77.0
585,2014-09-17,75.96,77.25,75.57,76.43
584,2014-09-16,73.52,76.23,73.07,76.08
583,2014-09-15,77.15,77.25,73.43,74.58
582,2014-09-12,78.02,78.3,77.1,77.48
581,2014-09-11,77.13,78.36,77.05,77.92
580,2014-09-10,76.52,77.95,76.51,77.43
579,2014-09-09,77.59,78.17,76.2,76.67
578,2014-09-08,77.26,78.17,77.01,77.89
577,2014-09-05,76.1,77.38,75.598,77.26
576,2014-09-04,75.89,76.93,75.53,75.95
575,2014-09-03,77.14,77.48,75.6,75.83
574,2014-09-02,75.01,76.7,74.82,76.68
573,2014-08-29,74.3,74.82,74.01,74.82
572,2014-08-28,74.0,74.43,73.73,73.855
571,2014-08-27,75.27,75.49,74.46,74.63
570,2014-08-26,75.0,75.99,74.73,75.9601
569,2014-08-25,74.94,75.28,74.79,75.02
568,2014-08-22,74.34,74.73,73.57,74.57
567,2014-08-21,74.92,75.19,74.4149,74.57
566,2014-08-20,74.97,75.18,74.62,74.81
565,2014-08-19,74.81,75.58,74.77,75.29
564,2014-08-18,74.0,74.72,73.96,74.59
563,2014-08-15,74.32,74.65,73.0,73.63
562,2014-08-14,73.97,74.38,73.69,74.296
561,2014-08-13,73.12,74.25,73.05,73.77
560,2014-08-12,73.09,73.3301,72.22,72.83
559,2014-08-11,73.46,73.91,73.06,73.44
558,2014-08-08,73.4,73.43,72.56,73.06
557,2014-08-07,73.0,74.0,72.7,73.17
556,2014-08-06,72.02,73.72,71.79,72.47
555,2014-08-05,73.2,73.59,72.18,72.69
554,2014-08-04,72.36,73.88,72.36,73.51
553,2014-08-01,72.22,73.22,71.55,72.36
552,2014-07-31,74.0,74.165,72.44,72.65
551,2014-07-30,74.21,75.19,74.13,74.677
550,2014-07-29,74.72,74.92,73.4229,73.71
549,2014-07-28,75.17,75.5,73.85,74.92
548,2014-07-25,74.99,75.67,74.662,75.19
547,2014-07-24,75.96,76.74,74.51,74.98
546,2014-07-23,69.74,71.33,69.61,71.29
545,2014-07-22,69.76,69.77,68.61,69.27
544,2014-07-21,68.81,69.96,68.5,69.4
543,2014-07-18,66.8,68.46,66.16,68.4199
542,2014-07-17,67.03,67.85,66.04,66.4099
541,2014-07-16,67.54,67.94,67.07,67.66
540,2014-07-15,67.96,68.0899,66.26,67.165
539,2014-07-14,67.13,68.17,66.9,67.9
538,2014-07-11,65.28,66.59,64.79,66.34
537,2014-07-10,63.31,65.34,63.05,64.8725
536,2014-07-09,63.41,65.12,63.15,64.97
535,2014-07-08,65.06,65.56,62.21,62.76
534,2014-07-07,66.3,66.57,65.12,65.29
533,2014-07-03,66.855,67.0,65.76,66.29
532,2014-07-02,68.04,68.3,65.79,66.45
531,2014-07-01,67.58,68.44,67.39,68.06
530,2014-06-30,67.46,67.92,67.13,67.29
529,2014-06-27,67.31,67.7,66.84,67.6
528,2014-06-26,68.0,68.0,66.9,67.13
527,2014-06-25,65.58,67.48,65.57,67.44
526,2014-06-24,65.36,67.17,65.27,65.72
525,2014-06-23,64.32,65.66,64.22,65.37
524,2014-06-20,64.46,64.81,63.35,64.5
523,2014-06-19,65.46,65.5756,64.21,64.3415
522,2014-06-18,64.49,65.75,64.05,65.6
521,2014-06-17,64.1,64.88,63.93,64.4
520,2014-06-16,64.16,64.88,63.75,64.19
519,2014-06-13,64.7,64.97,63.83,64.5
518,2014-06-12,65.85,66.47,64.06,64.2901
517,2014-06-11,65.32,65.8,64.9,65.781
516,2014-06-10,63.53,65.82,63.5,65.77
515,2014-06-09,62.4,63.34,61.79,62.88
514,2014-06-06,63.37,63.48,62.15,62.5
513,2014-06-05,63.66,64.36,62.82,63.186
512,2014-06-04,62.45,63.59,62.07,63.34
511,2014-06-03,62.62,63.42,62.32,62.87
510,2014-06-02,63.23,63.59,62.05,63.08
509,2014-05-30,63.95,64.17,62.56,63.3
508,2014-05-29,63.84,64.3,63.51,63.83
507,2014-05-28,63.39,64.14,62.62,63.51
506,2014-05-27,61.62,63.51,61.57,63.48
505,2014-05-23,60.41,61.45,60.15,61.351
504,2014-05-22,60.94,61.48,60.4,60.52
503,2014-05-21,58.56,60.5,58.25,60.49
502,2014-05-20,59.5,60.19,58.18,58.56
501,2014-05-19,57.89,59.56,57.57,59.21
500,2014-05-16,58.31,58.45,57.31,58.0199
499,2014-05-15,59.26,59.38,57.52,57.919
498,2014-05-14,59.53,60.45,58.95,59.23
497,2014-05-13,59.66,60.89,59.51,59.83
496,2014-05-12,57.98,59.9,57.98,59.83
495,2014-05-09,56.85,57.65,56.38,57.24
494,2014-05-08,57.23,58.82,56.5,56.76
493,2014-05-07,58.77,59.3,56.26,57.39
492,2014-05-06,60.98,61.15,58.49,58.53
491,2014-05-05,59.67,61.35,59.18,61.22
490,2014-05-02,61.3,61.89,60.18,60.46
489,2014-05-01,60.43,62.28,60.21,61.15
488,2014-04-30,57.58,59.85,57.16,59.78
487,2014-04-29,56.09,58.28,55.84,58.15
486,2014-04-28,58.05,58.31,54.66,56.14
485,2014-04-25,59.97,60.01,57.57,57.71
484,2014-04-24,63.6,63.65,59.77,60.87
483,2014-04-23,63.45,63.48,61.26,61.36
482,2014-04-22,62.65,63.44,62.22,63.0301
481,2014-04-21,59.46,61.24,59.15,61.24
480,2014-04-17,59.3,60.58,58.72,58.94
479,2014-04-16,59.79,60.19,57.74,59.72
478,2014-04-15,59.29,59.68,55.88,59.09
477,2014-04-14,60.09,60.45,57.78,58.89
476,2014-04-11,57.6,60.31,57.31,58.53
475,2014-04-10,63.08,63.18,58.68,59.16
474,2014-04-09,59.63,62.4558,59.1882,62.41
473,2014-04-08,57.68,58.71,57.17,58.1901
472,2014-04-07,55.9,58.0,55.44,56.95
471,2014-04-04,59.94,60.2,56.32,56.749
470,2014-04-03,62.55,63.17,59.13,59.49
469,2014-04-02,63.21,63.91,62.21,62.72
468,2014-04-01,60.46,62.66,60.24,62.62
467,2014-03-31,60.78,61.52,59.87,60.24
466,2014-03-28,61.34,61.95,59.335,60.01
465,2014-03-27,60.51,61.9,57.98,60.97
464,2014-03-26,64.74,64.95,60.37,60.385
463,2014-03-25,64.89,66.19,63.78,64.89
462,2014-03-24,67.19,67.36,63.36,64.1
461,2014-03-21,67.53,67.92,66.1786,67.24
460,2014-03-20,68.01,68.23,66.82,66.97
459,2014-03-19,69.17,69.29,67.465,68.24
458,2014-03-18,68.76,69.6,68.3,69.19
457,2014-03-17,68.18,68.95,66.62,68.7399
456,2014-03-14,68.49,69.43,67.46,67.72
455,2014-03-13,71.29,71.35,68.15,68.83
454,2014-03-12,69.86,71.35,69.0,70.8799
453,2014-03-11,72.5,72.59,69.96,70.1
452,2014-03-10,70.77,72.15,70.51,72.03
451,2014-03-07,71.08,71.18,69.47,69.8
450,2014-03-06,71.88,71.89,70.25,70.84
449,2014-03-05,69.69,71.97,69.62,71.57
448,2014-03-04,68.66,68.9,67.62,68.8
447,2014-03-03,66.96,68.05,66.51,67.41
446,2014-02-28,69.47,69.88,67.38,68.46
445,2014-02-27,69.34,70.01,68.87,68.94
444,2014-02-26,70.19,71.22,68.85,69.26
443,2014-02-25,70.95,71.0,69.45,69.85
442,2014-02-24,68.74,71.44,68.54,70.78
441,2014-02-21,69.69,69.96,68.45,68.59
440,2014-02-20,67.73,70.11,65.727,69.63
439,2014-02-19,67.05,69.08,67.0,68.06
438,2014-02-18,66.94,67.5397,66.07,67.3
437,2014-02-14,67.5,67.58,66.72,67.09
436,2014-02-13,64.18,67.33,64.05,67.33
435,2014-02-12,64.92,65.06,64.05,64.45
434,2014-02-11,63.75,65.0,63.35,64.851
433,2014-02-10,64.3,64.49,63.473,63.548
432,2014-02-07,62.27,64.57,62.22,64.32
431,2014-02-06,61.46,62.78,61.46,62.16
430,2014-02-05,62.74,63.16,61.27,62.19
429,2014-02-04,62.05,63.14,61.82,62.75
428,2014-02-03,63.03,63.77,60.7,61.48
427,2014-01-31,60.47,63.37,60.17,62.57
426,2014-01-30,62.12,62.5,60.46,61.08
425,2014-01-29,54.61,54.95,53.19,53.53
424,2014-01-28,54.02,55.28,54.0,55.14
423,2014-01-27,54.73,54.9401,51.85,53.55
422,2014-01-24,56.15,56.42,54.4,54.45
421,2014-01-23,56.37,56.68,55.6855,56.63
420,2014-01-22,58.85,59.31,57.1,57.51
419,2014-01-21,56.6,58.58,56.5,58.51
418,2014-01-17,57.3,57.82,56.07,56.3
417,2014-01-16,57.26,58.02,56.83,57.19
416,2014-01-15,57.98,58.57,57.27,57.6
415,2014-01-14,56.46,57.78,56.1,57.74
414,2014-01-13,57.91,58.25,55.38,55.91
413,2014-01-10,57.13,58.3,57.06,57.94
412,2014-01-09,58.65,58.96,56.65,57.22
411,2014-01-08,57.6,58.41,57.23,58.23
410,2014-01-07,57.7,58.55,57.22,57.92
409,2014-01-06,54.42,57.26,54.05,57.2
408,2014-01-03,55.02,55.65,54.53,54.557
407,2014-01-02,54.83,55.22,54.19,54.71
406,2013-12-31,54.12,54.86,53.91,54.649
405,2013-12-30,54.93,55.18,53.43,53.71
404,2013-12-27,57.48,57.68,55.25,55.44
403,2013-12-26,58.32,58.38,57.37,57.73
402,2013-12-24,58.27,58.58,56.91,57.96
401,2013-12-23,55.5,58.32,55.45,57.77
400,2013-12-20,54.93,55.15,54.23,55.12
399,2013-12-19,54.33,55.19,53.95,55.05
398,2013-12-18,54.86,55.89,53.75,55.57
397,2013-12-17,54.76,55.18,54.24,54.86
396,2013-12-16,53.25,54.5,52.91,53.81
395,2013-12-13,51.66,53.5,51.34,53.32
394,2013-12-12,51.045,52.07,50.66,51.83
393,2013-12-11,50.55,50.77,49.01,49.38
392,2013-12-10,48.64,50.77,48.54,50.245
391,2013-12-09,48.09,48.97,47.74,48.84
390,2013-12-06,48.98,49.39,47.71,47.94
389,2013-12-05,48.15,48.7,47.87,48.34
388,2013-12-04,46.46,48.77,46.26,48.62
387,2013-12-03,46.75,47.2,46.29,46.73
386,2013-12-02,46.9,47.54,46.26,47.06
385,2013-11-29,46.75,47.21,46.5,47.01
384,2013-11-27,45.97,46.67,45.53,46.49
383,2013-11-26,44.66,46.17,43.55,45.89
382,2013-11-25,46.36,46.65,44.04,44.82
381,2013-11-22,47.04,47.27,45.96,46.23
380,2013-11-21,46.99,47.46,46.685,46.7
379,2013-11-20,46.61,47.55,46.31,46.43
378,2013-11-19,46.26,47.0,45.72,46.36
377,2013-11-18,48.47,48.84,45.8,45.83
376,2013-11-15,49.11,49.48,48.71,49.01
375,2013-11-14,48.7,49.57,48.03,48.99
374,2013-11-13,46.23,48.74,46.06,48.71
373,2013-11-12,46.0,47.37,45.83,46.605
372,2013-11-11,47.04,47.53,45.73,46.2
371,2013-11-08,47.81,48.65,47.25,47.53
370,2013-11-07,49.24,49.87,47.3,47.56
369,2013-11-06,50.26,50.45,48.71,49.12
368,2013-11-05,47.79,50.18,47.51,50.105
367,2013-11-04,49.365,49.75,48.02,48.22
366,2013-11-01,50.85,52.09,49.72,49.75
365,2013-10-31,47.155,52.0,46.5,50.205
364,2013-10-30,50.0,50.21,48.75,49.01
363,2013-10-29,50.73,50.79,49.25,49.395
362,2013-10-28,51.54,51.7,49.61,50.229
361,2013-10-25,53.18,53.24,51.88,51.95
360,2013-10-24,52.38,52.84,51.5928,52.445
359,2013-10-23,51.75,52.25,51.13,51.9
358,2013-10-22,54.33,54.76,52.2,52.675
357,2013-10-21,54.68,54.81,53.51,53.85
356,2013-10-18,54.18,54.825,53.6,54.22
355,2013-10-17,51.12,52.22,50.95,52.21
354,2013-10-16,50.04,51.24,49.9,51.135
353,2013-10-15,49.99,51.0,49.18,49.5
352,2013-10-14,48.31,49.63,47.91,49.51
351,2013-10-11,49.18,49.87,48.79,49.11
350,2013-10-10,47.865,49.68,47.83,49.05
349,2013-10-09,47.375,47.84,45.26,46.77
348,2013-10-08,50.6,50.6,47.08,47.14
347,2013-10-07,50.73,51.29,50.4,50.515
346,2013-10-04,49.77,51.16,49.57,51.04
345,2013-10-03,50.47,50.72,49.06,49.183
344,2013-10-02,50.13,51.1,49.95,50.28
343,2013-10-01,49.97,51.03,49.45,50.42
342,2013-09-30,50.14,51.6,49.8,50.23
341,2013-09-27,50.29,51.28,49.86,51.24
340,2013-09-26,50.01,50.6,49.5,50.39
339,2013-09-25,49.23,49.54,48.46,49.46
338,2013-09-24,48.505,49.66,48.16,48.45
337,2013-09-23,47.28,47.55,46.29,47.19
336,2013-09-20,46.32,47.6,45.74,47.49
335,2013-09-19,45.51,46.05,45.23,45.98
334,2013-09-18,44.84,45.47,44.395,45.23
333,2013-09-17,42.5,45.44,42.43,45.07
332,2013-09-16,44.85,44.94,42.43,42.51
331,2013-09-13,45.04,45.08,43.93,44.31
330,2013-09-12,45.53,45.62,44.65,44.75
329,2013-09-11,43.39,45.09,43.11,45.04
328,2013-09-10,44.24,44.26,43.23,43.6
327,2013-09-09,44.36,44.79,43.7,44.04
326,2013-09-06,43.09,44.61,42.4,43.95
325,2013-09-05,41.79,42.765,41.77,42.66
324,2013-09-04,42.01,42.17,41.44,41.78
323,2013-09-03,41.84,42.165,41.51,41.87
322,2013-08-30,42.025,42.26,41.06,41.294
321,2013-08-29,40.89,41.78,40.8,41.28
320,2013-08-28,39.96,40.85,39.88,40.548
319,2013-08-27,40.68,41.2,39.42,39.64
318,2013-08-26,40.9,41.94,40.62,41.34
317,2013-08-23,39.0,40.63,38.93,40.55
316,2013-08-22,38.37,38.75,38.34,38.55
315,2013-08-21,38.38,38.85,38.145,38.32
314,2013-08-20,38.35,38.58,37.69,38.41
313,2013-08-19,37.43,38.28,37.14,37.81
312,2013-08-16,36.97,37.49,36.9,37.08
311,2013-08-15,36.36,37.07,36.0201,36.56
310,2013-08-14,36.83,37.55,36.62,36.65
309,2013-08-13,38.24,38.32,36.77,37.019
308,2013-08-12,38.2,38.5,38.1,38.22
307,2013-08-09,38.59,38.74,38.01,38.5
306,2013-08-08,39.13,39.19,38.43,38.54
305,2013-08-07,38.61,38.94,37.7,38.87
304,2013-08-06,39.11,39.25,37.94,38.55
303,2013-08-05,38.43,39.32,38.25,39.189
302,2013-08-02,37.66,38.49,37.5,38.05
301,2013-08-01,37.3,38.29,36.92,37.489
300,2013-07-31,37.96,38.31,36.33,36.8
299,2013-07-30,35.65,37.96,35.32,37.627
298,2013-07-29,34.07,35.63,34.01,35.43
297,2013-07-26,33.77,34.73,33.56,34.01
296,2013-07-25,33.545,34.88,32.75,34.359
295,2013-07-24,26.32,26.53,26.05,26.51
294,2013-07-23,26.1,26.3,25.97,26.13
293,2013-07-22,25.99,26.13,25.72,26.045
292,2013-07-19,25.82,26.1077,25.6,25.881
291,2013-07-18,26.75,26.77,26.12,26.18
290,2013-07-17,26.37,26.78,26.3,26.65
289,2013-07-16,26.39,26.75,26.01,26.32
288,2013-07-15,25.93,26.43,25.65,26.28
287,2013-07-12,25.74,25.93,25.55,25.91
286,2013-07-11,25.96,26.0,25.45,25.81
285,2013-07-10,25.58,25.83,25.47,25.8
284,2013-07-09,25.07,25.49,25.03,25.48
283,2013-07-08,24.47,25.04,24.42,24.71
282,2013-07-05,24.65,24.66,24.2,24.37
281,2013-07-03,24.22,24.71,24.15,24.52
280,2013-07-02,24.7,24.77,24.3,24.41
279,2013-07-01,24.9694,25.0601,24.62,24.81
278,2013-06-28,24.68,24.98,24.42,24.88
277,2013-06-27,24.24,24.84,24.21,24.66
276,2013-06-26,24.51,24.65,23.99,24.16
275,2013-06-25,24.14,24.43,24.04,24.25
274,2013-06-24,23.95,24.11,23.38,23.935
273,2013-06-21,24.59,24.7,24.05,24.53
272,2013-06-20,24.28,24.745,23.65,23.9
271,2013-06-19,24.2,25.19,24.1,24.309
270,2013-06-18,24.09,24.69,24.08,24.21
269,2013-06-17,23.91,24.25,23.75,24.022
268,2013-06-14,23.56,23.89,23.26,23.63
267,2013-06-13,23.72,23.83,23.265,23.73
266,2013-06-12,24.16,24.26,23.58,23.77
265,2013-06-11,24.03,24.35,24.0,24.03
264,2013-06-10,24.06,24.6,23.99,24.33
263,2013-06-07,23.03,23.4,22.86,23.291
262,2013-06-06,22.99,23.09,22.67,22.97
261,2013-06-05,23.35,23.705,22.79,22.899
260,2013-06-04,23.89,23.93,23.32,23.52
259,2013-06-03,24.265,24.32,23.71,23.848
258,2013-05-31,24.63,24.95,24.27,24.348
257,2013-05-30,24.13,24.779,23.93,24.55
256,2013-05-29,23.79,23.81,23.26,23.32
255,2013-05-28,24.54,24.54,23.92,24.1
254,2013-05-24,24.97,24.97,24.08,24.3125
253,2013-05-23,24.8,25.53,24.77,25.06
252,2013-05-22,25.65,25.85,24.92,25.159
251,2013-05-21,25.87,26.075,25.59,25.66
250,2013-05-20,26.18,26.19,25.69,25.759
249,2013-05-17,26.4,26.6,26.2,26.25
248,2013-05-16,26.48,26.55,25.9,26.13
247,2013-05-15,26.92,26.99,26.4,26.6
246,2013-05-14,26.8854,27.28,26.82,27.07
245,2013-05-13,26.6,27.325,26.531,26.82
244,2013-05-10,27.14,27.3,26.57,26.68
243,2013-05-09,27.08,27.55,26.85,27.04
242,2013-05-08,26.88,27.3,26.65,27.12
241,2013-05-07,27.55,27.85,26.85,26.889
240,2013-05-06,28.33,28.46,27.48,27.57
239,2013-05-03,29.04,29.07,28.15,28.311
238,2013-05-02,28.0099,29.02,27.98,28.97
237,2013-05-01,27.85,27.915,27.31,27.43
236,2013-04-30,27.13,27.85,27.005,27.769
235,2013-04-29,27.16,27.41,26.86,26.98
234,2013-04-26,26.6,27.62,26.6,26.85
233,2013-04-25,26.07,26.4,26.0,26.14
232,2013-04-24,25.93,26.4,25.8,26.11
231,2013-04-23,26.215,26.33,25.77,25.98
230,2013-04-22,25.81,26.36,25.7,25.97
229,2013-04-19,25.62,25.96,25.33,25.73
228,2013-04-18,26.82,26.82,25.15,25.69
227,2013-04-17,26.65,27.2,26.39,26.625
226,2013-04-16,26.81,27.11,26.4,26.92
225,2013-04-15,27.16,27.48,26.36,26.52
224,2013-04-12,28.0,28.0,27.24,27.4
223,2013-04-11,27.48,28.1,27.25,28.0175
222,2013-04-10,27.0099,27.84,26.9,27.57
221,2013-04-09,26.58,26.89,26.42,26.59
220,2013-04-08,27.19,27.2,26.63,26.849
219,2013-04-05,26.86,27.8,26.61,27.39
218,2013-04-04,26.62,27.2301,26.11,27.0725
217,2013-04-03,25.83,26.39,25.7,26.25
216,2013-04-02,25.77,26.12,25.3,25.42
215,2013-04-01,25.63,25.89,25.28,25.53
214,2013-03-28,26.09,26.17,25.52,25.58
213,2013-03-27,25.0,26.28,24.72,26.09
212,2013-03-26,25.08,25.48,25.03,25.205
211,2013-03-25,25.75,25.8,25.078,25.131
210,2013-03-22,25.796,26.01,25.63,25.73
209,2013-03-21,25.66,26.11,25.56,25.74
208,2013-03-20,26.68,26.69,25.78,25.86
207,2013-03-19,26.53,26.9,26.21,26.55
206,2013-03-18,26.37,26.79,25.78,26.49
205,2013-03-15,27.03,27.06,26.56,26.645
204,2013-03-14,27.1,27.43,26.83,27.04
203,2013-03-13,27.62,27.65,26.92,27.08
202,2013-03-12,28.1,28.32,27.6,27.83
201,2013-03-11,28.01,28.64,27.83,28.14
200,2013-03-08,28.425,28.47,27.73,27.96
199,2013-03-07,27.57,28.675,27.47,28.578
198,2013-03-06,28.1,28.13,27.35,27.4525
197,2013-03-05,27.88,28.18,27.21,27.52
196,2013-03-04,27.76,28.06,27.44,27.72
195,2013-03-01,27.05,28.1164,26.81,27.78
194,2013-02-28,26.84,27.3,26.34,27.25
193,2013-02-27,27.34,27.34,26.63,26.87
192,2013-02-26,27.36,27.46,26.7,27.39
191,2013-02-25,27.16,27.64,27.15,27.27
190,2013-02-22,27.62,27.63,26.82,27.13
189,2013-02-21,28.28,28.55,27.15,27.283
188,2013-02-20,28.92,29.05,28.33,28.462
187,2013-02-19,28.23,29.08,28.12,28.93
186,2013-02-15,28.52,28.75,28.09,28.32
185,2013-02-14,28.02,28.63,28.01,28.5
184,2013-02-13,27.36,28.32,27.31,27.9075
183,2013-02-12,27.67,28.16,27.1,27.37
182,2013-02-11,28.61,28.68,28.04,28.26
181,2013-02-08,28.89,29.17,28.51,28.545
180,2013-02-07,29.11,29.15,28.27,28.65
179,2013-02-06,28.74,29.29,28.66,29.05
178,2013-02-05,28.26,28.96,28.04,28.64
177,2013-02-04,29.06,29.2,28.01,28.109
176,2013-02-01,31.01,31.02,29.63,29.73
175,2013-01-31,29.15,31.47,28.74,30.981
174,2013-01-30,30.98,31.49,30.88,31.24
173,2013-01-29,32.0,32.07,30.71,30.79
172,2013-01-28,31.88,32.5063,31.81,32.469
171,2013-01-25,31.41,31.93,31.13,31.54
170,2013-01-24,31.27,31.49,30.81,31.08
169,2013-01-23,31.1,31.5,30.8,30.82
168,2013-01-22,29.75,30.89,29.74,30.729
167,2013-01-18,30.31,30.44,29.27,29.66
166,2013-01-17,30.08,30.42,30.03,30.14
165,2013-01-16,30.21,30.35,29.53,29.85
164,2013-01-15,30.64,31.71,29.88,30.1
163,2013-01-14,32.08,32.21,30.62,30.9475
162,2013-01-11,31.28,31.96,31.1,31.72
161,2013-01-10,30.6,31.45,30.28,31.3
160,2013-01-09,29.67,30.6,29.49,30.59
159,2013-01-08,29.51,29.6,28.86,29.0607
158,2013-01-07,28.69,29.79,28.65,29.4213
157,2013-01-04,28.01,28.93,27.83,28.76
156,2013-01-03,27.88,28.47,27.59,27.77
155,2013-01-02,27.44,28.18,27.42,28.0
154,2012-12-31,26.2,26.99,26.11,26.6197
153,2012-12-28,25.48,26.11,25.15,25.9112
152,2012-12-27,26.55,26.8,25.52,26.05
151,2012-12-26,27.03,27.18,26.375,26.51
150,2012-12-24,26.5,26.96,26.2,26.93
149,2012-12-21,26.66,27.01,26.12,26.26
148,2012-12-20,27.49,27.6,27.13,27.36
147,2012-12-19,27.83,28.22,26.95,27.41
146,2012-12-18,26.96,27.91,26.9,27.71
145,2012-12-17,26.77,27.0,26.32,26.75
144,2012-12-14,28.18,28.33,26.76,26.812
143,2012-12-13,27.59,28.75,27.43,28.24
142,2012-12-12,28.0,28.14,27.37,27.5801
141,2012-12-11,28.07,28.24,27.66,27.98
140,2012-12-10,27.17,28.17,27.1,27.84
139,2012-12-07,27.07,27.78,26.84,27.485
138,2012-12-06,27.68,27.75,26.82,26.97
137,2012-12-05,27.75,27.9,27.26,27.71
136,2012-12-04,27.06,27.76,26.68,27.46
135,2012-12-03,27.9999,28.88,26.98,27.04
134,2012-11-30,27.26,28.0,26.76,28.0
133,2012-11-29,26.5,27.52,26.16,27.32
132,2012-11-28,25.94,26.49,25.75,26.36
131,2012-11-27,26.04,26.5,25.46,26.15
130,2012-11-26,24.935,26.09,24.81,25.94
129,2012-11-23,24.58,24.68,23.88,23.998
128,2012-11-21,23.22,24.53,23.05,24.32
127,2012-11-20,22.73,23.9,22.7,23.1
126,2012-11-19,23.955,24.12,22.82,22.92
125,2012-11-16,22.25,23.93,22.18,23.5607
124,2012-11-15,22.34,22.5,21.65,22.17
123,2012-11-14,20.1,22.5,19.93,22.36
122,2012-11-13,19.605,20.11,19.56,19.86
121,2012-11-12,19.15,20.17,18.87,20.07
120,2012-11-09,19.955,20.0,19.13,19.21
119,2012-11-08,20.52,20.73,19.98,19.99
118,2012-11-07,20.85,20.95,20.37,20.47
117,2012-11-06,21.24,21.37,20.99,21.1712
116,2012-11-05,21.1,21.48,20.92,21.25
115,2012-11-02,21.26,21.69,21.07,21.18
114,2012-11-01,21.08,21.44,21.01,21.21
113,2012-10-31,20.82,21.5,20.73,21.11
112,2012-10-26,22.4,22.88,21.88,21.9425
111,2012-10-25,23.29,23.31,22.47,22.56
110,2012-10-24,24.13,24.25,22.85,23.2299
109,2012-10-23,19.25,19.8,19.1,19.5
108,2012-10-22,19.25,19.43,19.05,19.321
107,2012-10-19,19.0,19.06,18.8,19.0
106,2012-10-18,19.7,19.79,18.89,18.975
105,2012-10-17,19.5,20.48,19.3718,19.88
104,2012-10-16,19.68,19.69,19.3,19.48
103,2012-10-15,19.68,19.88,19.49,19.52
102,2012-10-12,19.75,19.8,19.48,19.5181
101,2012-10-11,19.88,19.96,19.61,19.75
100,2012-10-10,19.93,19.94,19.45,19.64
99,2012-10-09,20.39,20.55,19.97,20.227
98,2012-10-08,20.4,20.75,20.155,20.4
97,2012-10-05,21.49,21.63,20.88,20.91
96,2012-10-04,22.32,22.4,21.41,21.9475
95,2012-10-03,22.295,22.49,21.8,21.83
94,2012-10-02,22.08,22.49,21.82,22.27
93,2012-10-01,22.08,22.59,21.73,21.99
92,2012-09-28,20.57,21.95,20.5,21.66
91,2012-09-27,20.99,21.0,20.16,20.32
90,2012-09-26,20.145,20.78,19.8,20.62
89,2012-09-25,21.2,21.21,20.22,20.28
88,2012-09-24,21.78,21.98,20.3625,20.79
87,2012-09-21,22.97,23.24,22.6,22.86
86,2012-09-20,23.02,23.24,22.54,22.59
85,2012-09-19,21.99,23.37,21.77,23.29
84,2012-09-18,21.6,21.98,21.37,21.87
83,2012-09-17,22.67,22.75,21.5,21.52
82,2012-09-14,21.13,22.08,20.9,22.0
81,2012-09-13,20.955,21.48,20.61,20.713
80,2012-09-12,20.76,21.16,20.28,20.931
79,2012-09-11,18.92,19.581,18.85,19.43
78,2012-09-10,19.06,19.2,18.55,18.81
77,2012-09-07,19.1,19.42,18.78,18.98
76,2012-09-06,18.74,19.2617,18.72,18.96
75,2012-09-05,18.27,18.75,18.18,18.58
74,2012-09-04,18.08,18.27,17.55,17.729
73,2012-08-31,18.68,18.7,18.03,18.058
72,2012-08-30,19.27,19.45,19.06,19.0885
71,2012-08-29,19.32,19.38,19.07,19.1
70,2012-08-28,19.1,19.38,18.95,19.34
69,2012-08-27,19.49,19.53,19.1,19.15
68,2012-08-24,19.52,19.68,19.25,19.409
67,2012-08-23,19.5,19.73,19.36,19.44
66,2012-08-22,19.36,19.53,18.96,19.439
65,2012-08-21,19.58,19.98,19.09,19.159
64,2012-08-20,19.05,20.13,18.75,20.011
63,2012-08-17,20.005,20.08,19.0,19.05
62,2012-08-16,20.44,20.48,19.69,19.87
61,2012-08-15,20.64,21.41,20.4,21.2
60,2012-08-14,21.41,21.6,20.25,20.38
59,2012-08-13,22.15,22.45,21.4,21.6
58,2012-08-10,21.41,21.82,21.13,21.807
57,2012-08-09,20.75,21.17,20.61,21.01
56,2012-08-08,20.71,21.15,20.22,20.72
55,2012-08-07,22.2,22.45,20.5,20.72
54,2012-08-06,21.39,22.15,21.3,21.92
53,2012-08-03,20.36,22.16,19.9,21.09
52,2012-08-02,20.77,20.84,19.82,20.04
51,2012-08-01,21.5,21.58,20.84,20.88
50,2012-07-31,23.37,23.37,21.61,21.71
49,2012-07-30,23.995,24.04,23.03,23.15
48,2012-07-27,23.19,24.54,22.28,23.705
47,2012-07-26,27.75,28.23,26.73,26.845
46,2012-07-25,28.39,29.49,28.08,29.34
45,2012-07-24,28.82,29.45,28.1,28.45
44,2012-07-23,28.12,29.0,28.01,28.75
43,2012-07-20,29.0,29.47,28.72,28.76
42,2012-07-19,29.41,29.5,28.63,29.0
41,2012-07-18,28.31,29.29,28.15,29.11
40,2012-07-17,28.48,28.59,27.15,28.09
39,2012-07-16,30.5,30.5,28.21,28.245
38,2012-07-13,31.04,31.07,30.56,30.72
37,2012-07-12,30.7,31.4,30.6,30.81
36,2012-07-11,31.48,31.56,30.55,30.97
35,2012-07-10,32.43,32.48,31.1599,31.47
34,2012-07-09,32.1,32.88,31.99,32.17
33,2012-07-06,31.44,31.9,31.26,31.73
32,2012-07-05,31.32,31.625,31.02,31.47
31,2012-07-03,30.91,31.44,30.8,31.2
30,2012-07-02,31.25,31.73,30.55,30.771
29,2012-06-29,31.92,31.99,30.76,31.095
28,2012-06-28,31.96,32.19,30.9,31.36
27,2012-06-27,32.46,32.9,31.9,32.23
26,2012-06-26,32.69,33.44,32.5,33.1
25,2012-06-25,32.86,33.02,31.55,32.06
24,2012-06-22,32.41,33.45,32.06,33.05
23,2012-06-21,31.67,32.5,31.51,31.84
22,2012-06-20,31.92,31.9288,31.15,31.6
21,2012-06-19,31.535,32.18,30.7,31.911
20,2012-06-18,29.955,32.08,29.41,31.41
19,2012-06-15,28.505,30.1,28.35,30.014
18,2012-06-14,27.65,28.32,27.38,28.29
17,2012-06-13,27.66,28.1,27.1,27.27
16,2012-06-12,27.48,27.77,26.96,27.4
15,2012-06-11,27.18,28.07,26.835,27.005
14,2012-06-08,26.55,27.76,26.44,27.1
13,2012-06-07,27.0,27.35,26.15,26.31
12,2012-06-06,26.07,27.17,25.52,26.81
11,2012-06-05,26.7,27.76,25.75,25.869
10,2012-06-04,27.2,27.65,26.44,26.9
9,2012-06-01,28.892,29.15,27.39,27.72
8,2012-05-31,28.545,29.67,26.83,29.6
7,2012-05-30,28.695,29.55,27.86,28.19
6,2012-05-29,31.48,31.69,28.65,28.84
5,2012-05-25,32.9,32.95,31.11,31.91
4,2012-05-24,32.95,33.21,31.77,33.03
3,2012-05-23,31.37,32.5,31.36,32.0
2,2012-05-22,32.61,33.59,30.94,31.0
1,2012-05-21,36.53,36.66,33.0,34.03
0,2012-05-18,42.05,45.0,38.0,38.2318
